success,tokenNum,teamSize,USA,UK,othercountry,overallrating,offered_ownership,duration,priceETH,isERC,softcap,hardcap,whitepaper,video,socialMedia
0,16.36104183,2.63905733,0,0,1,2.6,0.8,45,0.0014,1,1,1,1,1,0
0,#NAME?,2.564949357,0,0,1,2.1,0.7,31,1.00E-04,0,1,1,1,1,0
1,21.52077303,2.197224577,0,0,1,2.5,0.37,5,5.00E-05,1,1,1,1,0,3
0,17.50439001,#NAME?,1,0,0,1.5,0.8,31,1.00E-05,1,1,1,1,1,0
1,17.62217305,1.945910149,0,0,1,2.1,0.5,26,0.00022,1,1,1,1,0,0
1,18.19753719,2.995732274,0,0,1,4.3,0.1,1,0.00013,NA,1,1,1,1,2
0,18.6030023,2.302585093,0,0,1,3.5,0.32,49,0.00017,1,0,0,1,1,3
1,NA,2.302585093,0,0,1,2.8,0.51,28,NA,1,0,1,1,1,0
0,16.11809565,1.386294361,0,0,1,2.5,NA,30,0.002,1,1,1,1,1,0
1,17.74733619,3.091042453,0,1,0,3.5,0.51,30,0.00014,1,0,1,1,0,3
1,NA,2.708050201,1,0,0,3.9,NA,30,0.002,NA,1,1,1,1,2
1,15.60727003,1.945910149,0,0,1,3.3,0.6,30,0.01,1,1,1,1,1,0
0,#NAME?,2.564949357,0,0,1,2,0.8,29,0.00125,1,1,1,1,0,0
0,#NAME?,1.945910149,1,0,0,2.1,0.55,30,0.00056,1,0,1,1,0,3
1,17.21670794,2.48490665,0,0,1,2.3,0.3,28,0.0105,1,0,1,1,1,0
0,#NAME?,1.386294361,0,1,0,1.9,0.8,28,0.001,1,1,0,1,0,0
0,18.42068074,1.098612289,0,0,1,1.8,NA,31,0.00112,1,0,0,1,1,0
1,17.21670784,1.791759469,0,0,1,2.5,0.3,31,0.0014,NA,0,1,1,1,0
0,18.31532023,2.833213344,0,0,1,3.6,0.45,46,0.00033,1,1,1,1,1,0
0,#NAME?,2.302585093,0,0,1,3.4,0.6,50,0.003,1,0,0,1,1,0
0,17.21670794,2.079441542,1,0,0,2.3,0.3,92,0.001,1,0,1,1,1,0
0,#NAME?,2.079441542,0,0,1,2.8,0.8,84,2.00E-05,1,1,1,1,0,0
1,19.0492894,2.63905733,1,0,0,2.9,0.75,4,0.00014,1,1,1,1,1,3
1,NA,2.708050201,0,0,1,3.2,NA,21,NA,NA,0,0,1,1,0
1,NA,2.397895273,0,0,1,2.6,0.33,134,0.00044,1,0,1,1,0,0
0,18.42068074,2.397895273,0,0,1,1.8,0.5,75,0.03125,1,0,0,1,1,0
0,#NAME?,1.386294361,0,0,1,1.5,0.8,32,NA,NA,0,1,1,0,0
0,19.80697511,0,0,0,1,1.3,0.4,28,0.0014,NA,1,1,1,0,0
0,#NAME?,#NAME?,1,0,0,2.1,NA,41,0.0014,1,0,0,1,0,0
1,NA,2.564949357,1,0,0,3.3,NA,1,0.0059,NA,0,0,1,1,3
1,NA,2.772588722,0,0,1,3.1,NA,116,0.0014,1,0,0,1,1,0
1,14.91412285,2.197224577,0,0,1,2.8,0.2,32,NA,1,0,1,1,1,0
0,18.77818035,3.135494216,1,0,0,3.6,0.33,17,0.00084,1,1,1,1,0,3
0,19.11382792,2.197224577,1,0,0,3.9,0.4,89,8.00E-04,1,0,1,1,1,0
0,17.59970019,#NAME?,1,0,0,1.4,NA,27,0.00028,1,0,0,1,0,0
1,16.99356439,2.397895273,0,0,1,3.2,0.78,30,0.00126,1,1,1,1,1,0
1,18.62280493,2.772588722,0,0,1,3,0.68,28,0.00033,1,0,0,1,1,0
1,0,2.302585093,0,0,1,4.3,0.72,91,4.00E-05,1,1,1,1,1,0
0,19.13363055,3.044522438,0,0,1,4.1,0.34,7,NA,1,0,1,1,1,0
1,NA,2.708050201,0,0,1,2.9,NA,14,0.001,1,1,1,1,1,0
0,16.860033,1.386294361,0,0,1,2.1,NA,45,NA,NA,1,1,1,0,0
0,2.995732274,#NAME?,0,0,1,1.9,NA,44,7.00E-04,1,0,0,1,0,0
0,#NAME?,2.302585093,0,0,1,3,0.8,27,2.00E-04,1,0,1,1,1,0
0,#NAME?,#NAME?,0,0,1,1.8,NA,28,2.00E-05,1,0,0,1,0,0
0,18.74998449,1.791759469,0,0,1,2.4,NA,45,1.00E-04,1,0,0,1,1,0
0,16.81124283,1.791759469,0,0,1,2.9,NA,31,0.00014,1,0,1,1,1,0
1,NA,0,0,0,1,1.3,NA,21,NA,NA,1,1,1,0,0
0,16.52356076,1.791759469,0,0,1,2.4,0.62,22,0.0014,NA,0,1,1,1,0
1,19.18614859,#NAME?,0,0,1,1.9,0.72,97,6.00E-05,0,0,0,1,1,0
1,19.67344371,2.63905733,0,0,1,3.3,0.35,28,2.00E-05,1,1,1,1,1,2
0,16.81124283,2.197224577,0,0,1,3.8,0.33,31,NA,1,1,1,1,1,0
0,19.07300593,2.772588722,0,0,1,2.8,0.96,48,0.00125,NA,1,0,1,0,0
1,14.50865774,#NAME?,0,0,1,2.1,NA,1,NA,NA,0,0,1,0,3
1,19.88738952,2.708050201,1,0,0,2.6,0.55,31,NA,1,0,1,1,1,3
1,20.72326584,2.48490665,1,0,0,2.8,NA,0,0.00016,1,0,0,1,1,3
1,NA,1.945910149,1,0,0,2,0.64,124,3.00E-05,1,0,0,1,0,0
0,19.7104642,2.708050201,0,0,1,3,0.8,44,1.00E-04,1,1,1,1,1,0
1,21.82187813,2.833213344,0,0,1,3.1,0.59,16,1.00E-05,NA,1,1,1,1,0
1,16.860033,2.564949357,0,0,1,4.5,0.7,77,0.00071,NA,1,1,1,1,0
1,17.90985512,1.386294361,1,0,0,2.3,NA,31,0.001,NA,0,1,1,0,0
0,16.11809565,1.791759469,0,0,1,2.1,0.5,171,0.0014,NA,0,1,1,0,0
1,20.03011866,2.564949357,0,0,1,4.2,NA,31,7.00E-05,1,1,1,1,1,3
0,17.98989783,1.945910149,1,0,0,2.4,0.65,30,0.001,1,0,1,1,1,0
1,19.00846741,2.079441542,0,0,1,2.5,0.5,48,3000,1,1,1,1,1,0
1,5.220355825,2.197224577,0,0,1,2.6,0.74,29,0.001,1,1,0,1,1,0
1,20.36659089,3.044522438,0,0,1,4.4,0.7,28,0.00125,1,0,1,1,1,3
0,15.60727003,#NAME?,1,0,0,1.1,NA,27,4.00E-04,0,0,0,1,0,0
1,20.43558376,2.397895273,0,0,1,4.1,0.5,28,5.00E-05,1,1,1,1,1,0
1,NA,2.079441542,0,0,1,3,NA,13,NA,NA,0,0,1,0,2
0,6.907755279,1.386294361,0,0,1,2.1,NA,21,1.4,1,0,1,1,0,0
1,16.11809565,3.044522438,0,0,1,4.3,0.2,12,0.0014,1,1,1,1,1,0
0,13.59236701,1.098612289,0,0,1,1.9,NA,14,0.04,1,1,1,1,1,0
0,17.72753356,2.197224577,0,0,1,2.9,NA,30,0.00174,1,0,1,1,1,0
0,#NAME?,2.079441542,1,0,0,3.4,0.7,30,0.004,1,1,1,1,1,0
0,17.52908262,#NAME?,1,0,0,2.1,0.51,51,9.00E-04,0,0,0,1,1,0
1,17.21670794,2.772588722,0,0,1,4.5,0.3,31,0.0021,1,0,1,1,1,0
1,22.33270375,3.737669618,0,0,1,3.4,0.25,34,2.00E-05,1,1,1,1,1,3
1,NA,2.302585093,0,0,1,2.9,NA,35,4.00E-05,1,1,1,1,1,0
1,20.03011866,2.63905733,0,0,1,4.1,0.5,0,NA,1,0,0,1,1,3
1,18.82614585,3.36729583,0,0,1,4.1,0.5,31,6.00E-05,1,1,1,1,1,0
0,#NAME?,2.397895273,0,0,1,1.5,NA,61,0.0028,NA,0,0,0,1,0
0,20.72326584,#NAME?,0,0,1,2.2,0.5,30,3.00E-04,1,0,1,1,1,0
0,16.11809565,1.791759469,0,0,1,1.6,0.5,25,0.0017,1,0,1,1,0,0
1,16.16688582,2.564949357,0,0,1,3.2,NA,10,0.0057,1,0,1,1,1,0
0,16.81124283,2.397895273,0,0,1,2.8,0.85,25,0.05,1,1,1,1,1,0
0,18.27449823,2.079441542,0,0,1,2.5,0.72,23,0.0014,1,1,1,1,1,0
0,19.51929303,1.791759469,1,0,0,2.5,0.7,30,0.001,1,1,1,1,0,0
1,17.21670794,2.302585093,0,0,1,4.2,0.6,30,0.002,NA,1,1,1,1,0
1,19.74243658,2.772588722,0,0,1,4.1,NA,42,NA,NA,0,1,1,1,0
0,#NAME?,1.386294361,0,0,1,1.8,0.45,30,0.0014,NA,0,0,1,0,0
1,19.67344371,2.708050201,0,0,1,4,0.35,9,0.00015,1,0,0,1,0,0
1,17.62217305,1.945910149,0,0,1,2.8,0.45,28,0.0011,1,0,1,1,0,0
1,NA,3.091042453,0,0,1,3.6,NA,34,0.001,NA,0,1,1,1,2
0,#NAME?,1.386294361,0,0,1,1.4,NA,61,NA,NA,0,0,0,0,0
0,18.46947091,2.397895273,0,0,1,2.3,0.28,30,0.00011,NA,1,0,1,0,0
1,16.25785759,3.135494216,0,0,1,3.1,NA,30,0.00105,NA,0,1,1,1,3
1,16.15249708,1.791759469,0,0,1,2.8,0.5,42,0.001,1,1,1,1,1,0
1,23.02585093,3.044522438,0,0,1,3.5,0.77,16,2.00E-05,1,0,1,1,1,0
0,19.51929303,2.079441542,0,0,1,1.6,0.5,26,0.005,NA,0,0,0,0,0
1,20.21244021,2.564949357,0,0,1,3.7,0.3,30,0.00012,1,1,1,1,1,2
0,18.13299867,2.48490665,0,0,1,2.9,0.75,60,0.002,NA,1,1,1,1,0
0,18.0640058,1.945910149,0,0,1,2.9,0.7,40,2.00E-04,1,1,1,1,0,0
0,20.21244021,2.708050201,0,0,1,2.4,0.8,30,7.00E-05,1,0,1,1,0,0
1,NA,1.945910149,0,0,1,2.4,0.15,31,0.1,NA,0,0,1,1,0
1,21.97602881,3.17805383,0,0,1,3,0.35,46,1.00E-05,1,1,1,1,1,0
0,21.88641665,2.197224577,0,0,1,2,0.4,4,8.00E-06,1,0,0,1,0,3
0,21.53419605,1.386294361,0,0,1,2.3,0.75,45,0.00014,1,1,1,1,0,0
0,#NAME?,#NAME?,0,0,1,2,NA,14,0.005,1,1,1,1,1,0
1,18.13299867,2.944438979,1,0,0,4.1,0.87,45,0.0015,1,0,1,1,1,0
1,16.2750994,2.079441542,0,0,1,2.5,0.68,27,0.00025,1,0,1,1,1,0
1,16.11809565,1.386294361,0,0,1,3,NA,29,NA,NA,0,1,1,0,3
1,NA,1.386294361,1,0,0,2.3,NA,66,NA,NA,0,0,1,1,0
1,19.33697148,3.135494216,0,0,1,2.9,0.3,28,1.00E-04,1,0,1,1,0,0
1,16.92635564,1.609437912,0,1,0,2.1,NA,76,0.017,1,0,0,1,0,0
1,15.97883358,2.48490665,1,0,0,2.4,NA,36,0.0035,1,0,0,0,1,0
1,17.03438634,3.091042453,0,1,0,4.2,0.5,90,0.0014,1,1,1,1,1,2
0,#NAME?,1.386294361,0,0,1,2.3,NA,29,0.00013,NA,0,0,1,0,2
0,12.44980283,2.079441542,0,0,1,2.9,NA,59,6.00E-04,1,1,1,1,1,0
1,NA,2.63905733,1,0,0,2.5,NA,31,0.0014,1,1,1,1,0,0
1,20.72326584,1.098612289,1,0,0,2.5,NA,27,2.00E-04,NA,1,1,1,1,0
0,1.945910149,2.708050201,0,0,1,4.3,0.7,16,8.00E-04,1,1,1,1,1,0
0,20.03011866,2.197224577,1,0,0,2.9,0.3,27,0.000214,1,1,1,1,0,0
0,19.89544375,2.397895273,0,0,1,2.6,0.87,61,0.00014,1,1,1,1,0,0
1,17.62217305,#NAME?,0,0,1,2.1,0.21,30,0.0016,NA,1,1,1,1,0
0,17.50438999,1.098612289,0,0,1,1.8,0.45,63,6.00E-05,NA,1,0,1,1,0
1,NA,2.772588722,0,0,1,3.3,0.8,30,2.00E-04,1,1,1,1,1,0
1,NA,1.098612289,0,0,1,1.2,NA,35,NA,NA,0,0,1,0,0
1,NA,3.17805383,0,1,0,2.9,NA,28,0.0014,1,0,0,1,1,0
0,4.382026635,2.079441542,0,1,0,2.4,NA,62,0.00143,1,0,1,1,1,0
1,NA,1.386294361,1,0,0,4.3,NA,-15,NA,1,0,0,1,1,0
1,22.86919712,2.197224577,0,0,1,2.4,0.95,30,0.00119,1,0,1,1,1,0
0,18.09217668,2.48490665,0,1,0,3,0.6,27,0.001,1,0,0,1,1,3
1,18.6030023,3.433987204,0,0,1,4.3,NA,0,0.00014,NA,1,1,1,1,3
0,#NAME?,2.079441542,0,1,0,2,NA,22,0.005,1,0,0,1,0,0
1,14.91412285,3.091042453,0,0,1,3.3,0.75,30,2.00E-04,1,0,0,1,1,0
0,19.31676877,1.791759469,0,0,1,2.2,0.7,60,1.00E-04,1,0,1,1,1,0
1,NA,2.48490665,0,0,1,2.9,0.3,105,1.00E-05,1,0,0,1,1,1
0,#NAME?,2.302585093,0,0,1,2.3,NA,32,0.0028,1,0,0,1,1,0
0,#NAME?,2.48490665,0,1,0,1.4,NA,69,1.00E-05,NA,0,0,0,1,0
0,9.998797732,2.302585093,0,0,1,2.9,0.88,30,0.1,NA,1,1,1,1,0
0,20.50012229,1.098612289,1,0,0,2.1,0.8,25,1.00E-05,1,0,1,1,1,0
0,17.98989783,2.302585093,0,0,1,2.4,0.65,30,0.0014,NA,0,1,1,1,0
1,19.80697511,2.995732274,0,0,1,2.4,0.4,32,8.00E-05,1,0,1,1,0,0
0,20.33760512,#NAME?,0,0,1,1.8,0.49,181,2.00E-04,1,1,1,1,0,0
1,16.45456789,2.197224577,0,0,1,3.2,NA,91,0.001,1,0,0,1,1,0
0,#NAME?,0.693147181,0,0,1,1.9,NA,31,5.00E-04,NA,0,0,1,1,0
0,19.33697148,3.044522438,0,0,1,3.1,0.5,28,6.00E-05,1,0,0,1,0,2
1,21.12873095,2.772588722,0,1,0,3.7,NA,21,2.00E-04,1,1,1,1,1,0
1,22.35250638,2.564949357,0,0,1,3.7,0.51,0,0.013,0,0,1,1,1,0
1,NA,3.044522438,0,0,1,4.2,0.5,29,1.00E-05,1,0,0,1,1,0
0,18.42068074,1.791759469,0,0,1,2.6,NA,44,0.00035,NA,1,1,1,1,0
0,21.30139059,3.17805383,0,0,1,3.3,NA,28,7.00E-05,1,0,1,1,1,0
1,17.42372211,2.079441542,0,0,1,3.5,0.41,30,0.0016,1,1,1,1,0,3
1,NA,2.564949357,1,0,0,2.9,0.5,62,0.01,1,1,1,1,1,0
1,19.67344371,2.708050201,1,0,0,4.1,NA,31,0.00033,1,1,1,1,1,0
0,17.55318018,2.48490665,0,0,1,2.3,0.7,39,0.001,1,0,1,1,0,0
0,#NAME?,1.945910149,0,0,1,2.8,NA,28,5.00E-05,NA,1,1,1,0,3
0,22.51502531,1.098612289,1,0,0,2.1,1,30,1.00E-06,1,0,1,1,1,0
1,19.80697511,3.688879454,0,0,1,4,0.7,85,4.00E-04,1,1,1,1,1,3
1,19.86759973,2.890371758,0,0,1,4.3,0.85,30,3.00E-05,1,1,1,1,1,0
1,2.197224577,2.63905733,0,0,1,3.2,0.3,14,5.00E-06,1,0,1,1,1,3
0,17.81554444,2.944438979,0,0,1,3.4,0.65,31,0.00035,1,0,0,1,1,3
0,#NAME?,1.386294361,0,0,1,1.7,0.75,65,0.00021,1,1,1,1,0,0
1,NA,4.043051268,1,0,0,3.5,NA,32,0.00154,1,1,0,1,1,3
1,17.82284374,2.944438979,0,1,0,4.6,0.55,68,6.00E-04,1,1,1,1,1,3
0,18.42068074,2.079441542,0,0,1,2.4,0.6,30,0.01,NA,1,0,1,0,0
1,16.3412392,2.890371758,0,0,1,3,NA,30,0.0035,1,0,1,1,1,0
1,2.890371758,1.386294361,0,0,1,3.4,0.8,10,0.001,1,0,1,1,1,0
1,21.82187813,2.833213344,1,0,0,2.6,0.33,90,5.00E-06,1,1,1,1,1,0
1,20.16202373,3.465735903,0,0,1,4.1,0.7,40,7.00E-05,1,1,1,1,1,0
1,18.51599092,2.890371758,0,0,1,3.4,NA,21,0.00035,1,0,0,1,1,0
1,26.20390476,3.218875825,0,0,1,3.7,0.03,31,2.00E-07,1,0,1,1,1,0
1,19.79439632,2.833213344,0,0,1,3.6,0.09,27,0.00015,1,1,1,1,1,0
1,NA,1.945910149,1,0,0,2.8,NA,47,NA,NA,0,0,0,1,3
0,18.25816181,1.791759469,0,1,0,2.6,0.85,44,0.007,1,1,1,1,1,0
1,NA,2.302585093,0,0,1,2.5,0.92,10,0.001,0,1,1,1,0,0
1,NA,1.945910149,1,0,0,3,NA,35,0.000375,NA,0,0,1,1,3
0,#NAME?,1.945910149,0,1,0,2.9,NA,26,9.00E-04,NA,1,1,1,1,2
0,18.82614585,2.397895273,0,1,0,2.5,0.6,59,5.00E-05,0,1,1,1,1,0
1,18.42068074,#NAME?,0,0,1,3.7,0.8,7,5.00E-05,1,1,1,1,1,0
1,16.47226746,2.079441542,0,0,1,3.8,0.79,119,0.0014,NA,1,1,1,1,3
1,14.60396792,#NAME?,0,0,1,1.4,NA,54,7.00E-04,NA,0,0,1,0,0
1,20.29248292,2.564949357,0,1,0,3.4,0.65,56,2.00E-04,1,1,1,1,1,0
1,18.63981627,2.302585093,0,0,1,3,0.85,30,0.0011,1,0,0,1,1,0
0,17.72753356,0.693147181,0,0,1,2.3,0.5,50,NA,1,0,1,1,0,3
0,18.0640058,2.302585093,0,0,1,2.1,NA,41,0.0016,1,0,0,1,0,0
1,18.82614585,2.995732274,1,0,0,4,0.3,13,2.00E-04,NA,1,1,1,0,0
1,NA,1.609437912,0,0,1,2.1,NA,44,0.007,NA,0,1,1,1,0
0,18.42068074,2.397895273,0,0,1,3,NA,28,5.00E-04,1,1,1,1,1,0
1,NA,1.609437912,0,0,1,2.1,0.9,7,0.00015,0,0,1,1,0,0
0,16.81124283,1.609437912,0,0,1,2,0.4,30,0.0028,1,0,1,1,0,0
0,#NAME?,1.609437912,0,0,1,2.1,0.75,20,8.00E-06,1,0,0,1,0,0
1,NA,2.833213344,1,0,0,3.8,0.7,28,0.00021,1,0,1,1,1,3
1,19.33697148,2.708050201,0,0,1,3.8,0.5,2,0.00014,1,0,1,1,1,3
0,17.82284374,1.945910149,1,0,0,2.5,NA,0,0.00025,NA,0,0,0,1,3
0,15.42494847,#NAME?,0,0,1,1.6,0.25,35,0.003,1,0,0,1,0,0
1,20.03011866,2.197224577,0,0,1,2.3,0.5,60,5.00E-04,1,0,0,1,0,0
1,NA,2.079441542,1,0,0,2.9,NA,7,0.0416,1,0,1,1,1,0
0,17.21670794,1.386294361,1,0,0,1.3,0.5,43,NA,1,0,0,1,0,0
1,NA,1.098612289,0,0,1,2,NA,46,NA,1,1,1,1,0,0
0,19.61460321,1.098612289,1,0,0,2.4,NA,30,0.00016,0,1,1,1,0,0
1,17.79055054,1.609437912,0,1,0,3.1,NA,0,0.0011,NA,0,1,1,0,0
0,11.91839057,1.386294361,0,0,1,1.9,0.5,14,0.8,NA,0,1,1,0,0
1,NA,3.218875825,0,0,1,3,NA,9,0.00015,1,1,1,1,1,0
0,17.98989783,0,0,1,0,1.7,0.65,42,0.00014,1,0,0,1,0,0
0,17.72753356,1.791759469,0,0,1,2.8,NA,30,5.00E-04,1,0,0,1,1,0
1,19.51929303,2.48490665,0,0,1,4.6,0.3,0,0.00014,1,0,1,1,1,3
0,17.90985512,1.945910149,1,0,0,2.5,0.3,204,0.00137,1,0,0,1,0,0
1,18.28141868,2.302585093,0,0,1,3.1,NA,0,0.0028,NA,0,0,1,1,2
0,14.80876233,1.098612289,0,0,1,1.5,0.15,26,0.0014,NA,0,0,1,1,0
0,16.16688582,1.609437912,0,1,0,2.4,0.14,59,7.00E-04,0,1,1,1,0,0
1,18.92145603,2.890371758,0,0,1,3.2,0.07,52,0.0015,1,1,1,1,1,3
1,17.97439364,2.63905733,0,0,1,3.4,0.64,55,NA,NA,0,0,1,1,0
0,18.68304501,2.48490665,0,0,1,1.8,0.5,35,0.1,1,0,0,1,0,0
1,NA,2.708050201,0,0,1,3.6,NA,59,4.00E-04,1,0,0,1,1,0
1,20.21244021,3.17805383,0,0,1,3.2,0.6,45,5.00E-04,1,1,1,1,1,2
1,23.43131604,2.079441542,1,0,0,3.6,0.5,28,3.60E-06,1,1,1,1,1,2
1,20.03011866,2.564949357,0,0,1,4.2,0.5,NA,6.00E-05,1,1,1,1,0,3
1,NA,1.945910149,1,0,0,2.6,NA,40,NA,NA,0,0,1,1,2
0,19.11382792,2.995732274,0,0,1,2.4,NA,8,0.0014,1,0,0,1,0,0
1,17.24949776,2.63905733,0,0,1,4.2,0.68,28,0.0023,1,1,1,1,1,3
1,18.10966181,2.63905733,0,1,0,3.7,0.55,31,0.001638,1,1,1,1,1,0
1,17.90985512,2.772588722,0,0,1,2.9,0.6,30,8.00E-04,1,0,1,1,1,0
1,17.50439001,2.63905733,0,0,1,3.7,0.4,35,0.00039,1,1,1,1,1,2
1,NA,1.791759469,1,0,0,2.8,NA,2,0.0026,NA,0,0,1,1,0
1,NA,2.772588722,0,0,1,3.9,0.73,31,2.00E-05,1,1,1,1,1,0
1,NA,1.386294361,0,1,0,2.8,NA,28,0.013,NA,0,0,1,1,2
1,17.50439001,3.17805383,0,0,1,4.3,0.8,46,0.001,NA,0,1,1,1,2
0,19.11382792,1.791759469,0,0,1,2,0.5,21,0.001,NA,0,1,1,0,0
1,15.76142071,2.302585093,0,0,1,3.4,0.7,14,0.0011,NA,0,1,1,1,2
1,NA,2.397895273,1,0,0,2.4,NA,42,NA,1,0,0,1,1,0
0,#NAME?,1.945910149,0,0,1,2.4,0.87,42,0.0055,1,1,1,1,0,0
0,#NAME?,1.791759469,0,0,1,2,NA,33,0.0016,1,0,1,1,0,0
1,NA,2.995732274,0,0,1,4.2,0.4,44,7.00E-04,1,1,1,1,1,1
0,4.94875989,2.890371758,0,0,1,3.5,0.76,55,0.0014,1,1,1,1,1,0
0,17.72753356,0.693147181,1,0,0,2.1,0.5,46,0.007,1,0,1,1,1,1
1,NA,2.48490665,0,0,1,3.6,0.4,0,0.0056,1,0,1,1,1,3
1,NA,1.098612289,0,0,1,1,NA,106,NA,NA,1,0,0,1,0
0,21.12873095,1.791759469,0,1,0,1.9,0.75,31,7.00E-05,1,1,1,1,0,0
0,#NAME?,1.098612289,0,0,1,1.8,NA,28,1.11,NA,0,0,1,0,0
1,20.62233992,2.944438979,0,0,1,3.6,0.6,7,8.00E-05,1,1,1,1,1,0
0,#NAME?,1.945910149,0,0,1,1.7,NA,14,NA,NA,0,0,1,1,0
1,16.04820952,1.609437912,1,0,0,2.9,0.79,36,0.00056,1,0,1,1,1,0
1,18.19753719,1.609437912,0,0,1,3,0.53,34,0.0014,1,0,0,1,1,0
1,18.89068437,2.833213344,1,0,0,3.5,0.64,68,0.0014,NA,0,1,1,1,0
1,18.01521563,2.944438979,0,0,1,3.8,NA,59,0.001,1,0,1,1,1,0
1,19.11382792,2.197224577,0,0,1,3.5,0.22,31,0.00025,NA,1,1,1,1,3
0,16.70588232,2.564949357,0,0,1,1.8,0.88,21,0.0014,NA,1,1,0,1,0
1,21.82187813,3.610917913,0,0,1,4.3,0.1,38,8.00E-06,1,1,1,1,1,0
1,20.72326584,2.772588722,0,0,1,3.8,NA,30,7.00E-05,1,1,1,1,1,0
1,19.59933574,2.564949357,1,0,0,4.1,0.5,7,0.00042,1,1,1,1,1,3
1,NA,1.791759469,0,0,1,3.4,NA,0,NA,NA,0,0,1,1,0
1,19.6503213,2.944438979,0,0,1,3.7,0.33,30,0.00014,1,1,1,1,1,0
1,5.857933154,0.693147181,0,0,1,3.4,0.66,150,4.00E-04,1,0,1,1,1,0
0,18.53400943,1.945910149,0,0,1,1.9,NA,31,7.00E-05,NA,1,1,0,1,0
0,14.48333993,1.791759469,0,0,1,2.3,0.67,30,0.003,1,0,0,1,0,0
0,14.99416555,3.044522438,0,0,1,3.3,0.87,20,0.00234,NA,0,0,1,0,0
0,27.8461325,1.386294361,0,0,1,2.9,NA,30,3.00E-06,1,1,1,1,1,0
0,#NAME?,0.693147181,0,1,0,1.6,0.5,8,NA,NA,1,1,1,0,0
0,5.164785974,2.564949357,0,0,1,2.3,0.42,49,0.0092,0,0,0,1,1,0
0,#NAME?,2.890371758,0,0,1,2.5,0.82,60,0.00154,1,1,1,1,0,0
1,16.11809565,1.945910149,0,0,1,2.8,0.75,30,0.0015,1,1,1,1,1,0
1,22.73853202,#NAME?,0,0,1,1.7,0.75,30,NA,1,0,1,1,1,0
1,NA,3.784189634,0,0,1,2.1,NA,56,NA,NA,0,0,0,1,3
0,15.42494847,#NAME?,0,0,1,1.1,NA,30,0.00105,NA,0,0,0,0,0
1,20.72326584,2.397895273,0,0,1,3.4,0.6,90,0.00025,NA,1,1,1,1,0
0,15.42494847,2.079441542,1,0,0,3,0.33,32,0.005,1,0,1,1,1,3
1,NA,3.135494216,1,0,0,3.4,0.25,65,0.00028,1,1,1,1,1,3
0,16.30041721,2.564949357,0,0,1,2.3,0.3,45,0.00091,1,1,1,1,1,0
0,17.72753356,2.079441542,0,0,1,4.3,0.5,18,NA,1,0,1,1,0,0
1,17.31201812,3.496507561,0,0,1,3.6,0.33,31,0.001,1,0,1,1,1,0
0,20.43558376,1.386294361,0,0,1,2.5,0.75,31,NA,NA,1,1,1,0,0
1,17.56736481,2.079441542,0,1,0,4.5,0.33,49,0.0014,1,NA,NA,NA,NA,NA
1,18.42068074,2.079441542,0,0,1,2.5,NA,30,0.002,NA,0,1,1,1,0
1,13.99783211,2.833213344,0,0,1,3.9,NA,20,0.00035,1,0,1,1,1,3
0,17.21670794,#NAME?,0,0,1,1.6,NA,75,0.00126,NA,1,1,1,0,0
0,17.98989783,2.397895273,0,1,0,3.2,0.65,32,NA,1,0,0,1,1,0
1,19.11382792,2.833213344,0,1,0,4.4,NA,0,0.00028,1,0,0,1,1,2
1,NA,1.609437912,0,0,1,3,0.6,90,0.0014,1,0,0,1,1,0
1,22.28141045,3.135494216,0,0,1,3.7,0.95,61,3.00E-05,NA,1,1,1,1,1
0,3.218875825,2.397895273,0,0,1,2,0.25,30,1.00E-05,1,0,0,1,0,0
1,16.81124283,2.302585093,0,0,1,3.4,0.4,19,NA,1,0,1,1,1,0
1,NA,2.995732274,0,1,0,4,0.7,15,0.001,1,1,1,1,1,0
1,16.860033,1.386294361,0,0,1,1.8,0.7,18,0.005,1,1,1,1,0,0
1,17.80004025,2.890371758,0,0,1,4.2,0.56,60,0.0083,1,1,1,1,1,0
0,2.302585093,0.693147181,1,0,0,2.3,NA,-20,0.0003125,1,NA,NA,NA,NA,NA
1,NA,3.891820298,0,0,1,3.6,0.4,14,0.0013,NA,1,1,1,1,3
1,17.84086225,1.945910149,0,0,1,2.6,0.5,28,1.00E-05,1,1,1,1,1,0
1,19.11382792,3.17805383,0,0,1,2.9,NA,29,0.0017,1,0,1,1,1,3
1,NA,2.708050201,0,0,1,4,0.98,56,0.00014,1,1,1,1,1,3
0,#NAME?,1.386294361,0,0,1,2,0.69,31,0.003,NA,0,0,1,0,0
1,NA,#NAME?,1,0,0,3,NA,0,NA,NA,0,0,1,1,0
0,18.77133762,2.708050201,0,0,1,3.5,0.75,29,0.00014,1,1,1,1,1,2
0,#NAME?,0.693147181,0,0,1,2,NA,25,0.0084,1,1,1,1,0,0
1,15.8949521,#NAME?,0,0,1,1.9,0.61,19,0.0013,1,0,0,1,0,0
1,NA,2.397895273,1,0,0,3.9,0.5,31,0.0014,NA,0,1,1,1,3
1,16.30041721,2.772588722,0,0,1,3,0.73,51,0.00056,1,1,1,1,1,0
0,17.72710467,2.48490665,0,0,1,3.2,0.5,71,0.00063,1,1,1,1,1,0
0,21.05973807,1.386294361,0,0,1,2.3,0.7,68,1.00E-04,1,1,1,1,0,0
0,18.19753719,2.079441542,0,0,1,2.4,0.9,58,1.00E-04,1,1,1,1,1,0
0,16.01273514,1.386294361,1,0,0,2.4,NA,61,0.0014,1,0,0,1,0,0
1,13.48700649,1.386294361,0,0,1,2.3,0.4,73,0.2,1,1,1,1,0,3
0,3.891820298,1.945910149,0,1,0,2.7,0.49,117,0.01,1,1,1,1,0,0
1,21.86799572,2.197224577,0,0,1,2.4,NA,29,NA,NA,0,0,1,0,1
0,15.8142842,#NAME?,1,0,0,1.6,0.82,22,0.0014,1,0,0,1,0,0
0,#NAME?,1.945910149,1,0,0,1.8,0.5,31,NA,1,0,1,0,1,0
0,#NAME?,2.833213344,0,0,1,2.7,NA,43,0.000125,NA,1,1,1,1,0
1,16.45456789,3.044522438,0,0,1,4.4,NA,41,0.0014,1,1,1,1,1,2
1,21.86799572,2.197224577,0,0,1,3.1,0.5,28,NA,1,1,1,1,1,2
1,22.56381547,2.63905733,0,1,0,4,NA,36,1.40E-05,NA,0,1,1,1,3
1,18.0051653,2.397895273,0,0,1,3.5,0.66,25,6.00E-04,1,0,1,1,1,0
1,19.80697511,2.48490665,0,1,0,3.6,0.4,21,9.00E-05,1,1,1,1,1,3
1,NA,1.609437912,0,0,1,3.1,NA,0,NA,NA,0,0,1,1,0
1,19.67344371,2.833213344,0,0,1,3.4,0.35,28,0.0012,1,0,0,1,1,3
1,NA,0,0,0,1,3.4,NA,23,2.00E-04,1,1,0,1,1,0
1,18.76224205,2.197224577,0,0,1,3.9,0.61,29,1.00E-04,1,1,1,1,1,3
0,#NAME?,#NAME?,1,0,0,1.4,NA,59,0.014,NA,0,0,1,0,0
1,16.01273514,#NAME?,0,0,1,1.8,0.8,20,0.001,1,0,1,1,1,3
1,22.42801393,1.791759469,0,0,1,2.8,0.55,30,1.40E-05,1,1,1,1,0,0
1,NA,3.135494216,0,0,1,2.8,0.8,30,1.00E-04,1,1,1,1,1,0
0,20.08838756,3.465735903,0,0,1,4.8,0.53,14,0.00042,1,0,1,1,1,0
0,20.97012591,2.302585093,0,0,1,2.6,NA,30,0.000175,1,0,1,1,1,0
0,#NAME?,2.397895273,0,0,1,2.5,0.5,30,1.00E-05,1,1,1,1,0,0
1,16.11809565,2.197224577,0,0,1,2.1,0.8,77,0.00565,1,1,1,1,1,0
0,#NAME?,2.772588722,0,0,1,2.3,NA,15,0.00028,1,0,0,1,1,0
1,17.78469199,2.302585093,0,0,1,2.1,NA,7,0.001,1,0,0,1,0,0
0,19.57756194,2.302585093,0,0,1,2.7,0.53,67,5.00E-05,1,1,1,1,0,0
0,#NAME?,#NAME?,0,0,1,1.5,NA,19,1.40E-05,NA,0,0,1,0,0
0,#NAME?,2.63905733,0,0,1,3.4,NA,31,9.00E-04,1,0,0,1,0,0
1,19.33697148,2.48490665,0,0,1,3.4,0.5,79,0.00014,1,1,1,1,1,3
1,6.646390515,3.091042453,0,0,1,4.5,0.85,45,0.00014,1,0,0,1,1,0
0,18.19753719,2.708050201,0,0,1,3.3,0.8,30,0.001,NA,1,1,1,1,0
1,21.2491771,3.36729583,0,0,1,3.5,0.65,77,4.00E-04,1,1,1,1,1,0
1,19.43228166,3.63758616,0,0,1,3.6,0.55,28,0.0013,1,0,0,1,1,3
0,18.42068074,#NAME?,0,0,1,2,0.5,30,0.001,1,0,1,1,1,0
1,17.64415195,2.564949357,0,0,1,3.8,NA,3,0.00035,1,0,1,1,1,2
0,17.56501463,1.098612289,0,0,1,2,0.85,57,0.001,1,0,0,1,0,0
0,12.25486281,#NAME?,0,0,1,1,NA,31,0.0014,NA,0,0,1,0,0
1,20.97012591,3.583518938,0,0,1,4.5,0.64,49,3.50E-05,1,1,1,1,1,2
0,17.21670794,1.945910149,0,0,1,2.4,NA,44,0.0034,1,0,0,1,1,0
1,15.0964444,1.945910149,0,0,1,2,NA,85,0.01463,1,0,0,1,1,0
0,16.11809565,1.945910149,0,0,1,3,0.7,36,0.067,1,1,0,1,1,0
1,NA,2.48490665,1,0,0,2.4,0.2,10,NA,1,0,1,1,1,0
0,18.0051653,2.63905733,0,0,1,2.7,NA,90,0.0014,1,0,1,1,1,0
0,#NAME?,2.48490665,1,0,0,2.6,0.75,124,1.40E-05,NA,0,1,1,1,0
0,#NAME?,2.48490665,1,0,0,3.1,0.61,39,4.00E-05,1,1,1,1,1,3
0,16.11809565,2.63905733,0,0,1,2.6,0.6,13,0.01,NA,1,1,1,1,0
0,3.555348061,2.302585093,0,0,1,2.2,0.7,27,0.00042,1,1,1,1,0,0
1,20.72326584,2.079441542,0,1,0,2,0.75,149,2.80E-05,1,0,0,1,0,0
1,18.42068074,2.890371758,0,0,1,3.9,NA,49,0.00028,1,0,0,1,1,2
0,17.72753356,#NAME?,0,0,1,1.3,0.5,63,1.00E-04,1,0,0,1,0,0
0,18.42068074,#NAME?,0,0,1,1.6,NA,34,0.01,1,0,0,1,0,0
0,4.094344562,2.48490665,0,1,0,2.3,0.6,29,0.00036,1,NA,NA,NA,NA,NA
0,18.09217668,1.945910149,0,0,1,1.9,0.3,59,0.00378,1,0,0,1,0,0
1,16.56917127,1.945910149,0,0,1,3.7,0.45,73,0.00084,0,1,1,1,1,0
1,15.99026228,1.609437912,0,0,1,2.4,0.88,30,0.000224,1,1,1,1,1,0
0,22.66917599,1.386294361,0,0,1,2,0.11,51,NA,NA,0,0,1,0,1
1,NA,2.708050201,0,0,1,3.7,NA,26,0.00125,NA,0,1,1,1,3
1,NA,2.772588722,0,0,1,4.3,0.6,14,2.00E-04,1,1,1,1,1,0
1,NA,1.386294361,0,0,1,2.1,0.5,31,0.00056,1,1,1,1,1,0
0,18.02020318,2.995732274,0,0,1,3.2,0.67,30,7.00E-04,NA,1,1,1,1,0
1,2.708050201,2.944438979,0,0,1,4.6,0.75,30,0.00154,1,1,0,1,1,0
0,17.72753356,2.564949357,0,1,0,2.8,0.5,28,0.00126,1,1,1,1,1,0
0,17.59970019,2.397895273,0,1,0,1.9,0.44,35,NA,NA,0,0,1,1,0
1,NA,1.791759469,0,0,1,2.8,NA,30,7.00E-05,NA,0,0,1,0,0
1,18.42068074,2.772588722,0,0,1,3.9,0.16,53,0.000125,1,0,1,1,1,0
1,16.11809565,1.098612289,0,0,1,2,0.9,45,5.00E-04,1,1,1,1,0,0
0,#NAME?,1.945910149,0,0,1,2.1,NA,12,5.00E-05,1,1,0,1,0,0
0,#NAME?,#NAME?,0,0,1,3,NA,28,NA,1,1,1,1,1,0
0,16.860033,2.079441542,0,0,1,2.9,0.42,30,0.008,1,1,1,1,1,0
0,#NAME?,1.098612289,1,0,0,2.3,NA,31,NA,NA,0,0,1,0,0
1,21.63955657,2.302585093,0,1,0,2.9,NA,91,2.80E-05,1,1,1,1,1,0
1,17.15483254,1.945910149,0,0,1,3.5,NA,98,0.001,NA,1,1,1,1,3
0,15.06827353,2.397895273,1,0,0,3.2,0.35,61,0.0022,1,0,1,1,1,0
0,16.52356076,1.791759469,0,0,1,2.1,0.75,71,0.00077,1,0,1,1,0,0
1,NA,2.772588722,0,0,1,3.3,0.76,86,0.0056,1,1,1,1,1,0
1,20.03808683,3.295836866,0,0,1,4.1,0.42,6,0.000145,1,1,1,1,1,3
1,18.33983635,2.772588722,1,0,0,3.4,NA,31,0.00037,NA,0,1,1,1,2
1,18.13964321,3.258096538,0,0,1,4,1,6,0.00084,1,NA,NA,NA,NA,NA
1,NA,2.48490665,0,0,1,3.6,NA,27,0.0073,1,0,1,1,1,0
0,#NAME?,2.302585093,0,0,1,1.3,NA,99,NA,NA,0,0,1,0,0
0,19.80697511,0.693147181,0,0,1,1.6,0.8,28,7.00E-05,1,1,1,1,0,0
0,15.8949521,2.63905733,1,0,0,2.3,0.8,30,0.001,1,0,0,1,1,0
1,18.83093437,2.397895273,0,0,1,3,0.63,36,0.0028,NA,0,1,1,1,0
1,20.25326221,#NAME?,0,0,1,2,0.75,31,0.00021,1,1,1,1,1,0
1,NA,2.63905733,1,0,0,3.7,0.7,30,3.00E-05,1,1,1,1,1,2
0,18.42068074,#NAME?,1,0,0,1.2,0.5,31,7.00E-05,NA,1,1,0,0,0
0,#NAME?,1.945910149,0,0,1,2,NA,29,0.0014,1,0,0,0,1,0
1,20.35654056,3.610917913,0,0,1,3.6,0.33,92,3.00E-05,NA,0,1,1,1,0
1,18.6438243,#NAME?,0,0,1,3.1,0.25,92,NA,0,0,0,1,0,0
0,16.89512432,2.564949357,0,0,1,3.1,0.87,55,0.0014,1,0,1,1,1,0
0,#NAME?,2.079441542,0,0,1,3,0.5,54,3.00E-04,1,0,1,1,1,0
1,NA,2.63905733,0,0,1,2.2,NA,31,0.00021,NA,0,0,1,0,0
1,20.03011866,2.772588722,1,0,0,2.3,0.65,30,0.000443,NA,0,1,1,1,0
0,17.20833969,2.397895273,0,0,1,3.3,NA,106,0.00227,NA,1,1,1,1,0
1,20.67197254,2.944438979,0,0,1,3.6,0.6,71,1.00E-04,NA,1,1,1,1,0
1,18.19753719,1.791759469,0,0,1,3.3,0.8,29,0.00014,1,0,1,1,0,0
1,NA,2.397895273,1,0,0,2.4,NA,36,NA,1,0,0,1,1,0
1,23.71899811,3.135494216,0,1,0,3.7,0.6,28,NA,NA,0,0,1,1,0
1,NA,2.564949357,0,0,1,2.7,NA,30,3.00E-04,1,1,1,1,1,0
0,16.11809565,1.386294361,0,0,1,3,NA,31,0.0014,NA,0,1,1,1,0
0,#NAME?,2.197224577,1,0,0,2.6,NA,62,0.0014,1,0,0,1,1,0
0,18.19753719,#NAME?,0,1,0,1,NA,56,NA,1,0,1,0,1,0
1,5.480638923,2.079441542,0,0,1,2.9,0.02,11,2.00E-05,1,0,1,1,0,1
1,15.06827353,3.465735903,0,0,1,2.4,0.85,41,1.00E-04,1,1,1,1,1,0
0,#NAME?,2.48490665,0,0,1,3.6,0.2,91,3.00E-05,NA,1,1,1,1,0
1,19.80697511,2.890371758,0,0,1,4.1,0.4,30,7.00E-05,1,0,1,1,1,0
1,NA,2.48490665,1,0,0,3.6,NA,77,0.00014,1,0,0,1,1,3
1,17.3990295,2.302585093,0,0,1,2.2,NA,66,0.00014,NA,1,1,1,1,0
0,14.45736444,1.386294361,0,0,1,4.1,NA,20,0.0098,1,1,1,1,1,0
1,18.42068074,2.48490665,0,0,1,3,NA,31,1.00E-04,1,0,1,1,1,0
0,19.11382792,2.079441542,0,0,1,2.6,0.66,30,0.001,1,0,0,1,1,0
1,19.25532749,2.302585093,0,0,1,4,0.64,30,0.00018,1,0,1,1,1,0
0,18.82614585,2.397895273,0,0,1,2.6,0.5,45,0.00017,1,0,0,1,0,0
0,19.41393252,2.197224577,0,0,1,1.8,0.9,30,0.00017,1,1,1,1,0,0
0,13.81551056,1.386294361,1,0,0,2.4,NA,28,0.00126,NA,0,0,1,0,0
0,#NAME?,2.079441542,0,0,1,1.9,NA,31,NA,NA,0,1,1,0,0
1,18.42068074,1.791759469,0,0,1,3.1,0.1,7,2.00E-05,0,0,1,1,1,3
1,NA,3.401197382,0,1,0,3.1,NA,2,NA,NA,0,0,1,1,3
1,20.43558376,#NAME?,0,0,1,2.9,0.5,76,1.00E-04,1,1,1,1,1,3
0,13.12236338,1.386294361,0,0,1,1.9,NA,14,0.0014,1,1,1,1,0,0
1,NA,2.197224577,0,0,1,3.4,0.6,14,0.00049,1,0,1,1,0,0
1,16.82470185,3.044522438,0,0,1,4.2,0.7,31,4.00E-04,1,1,1,1,1,0
1,16.11809565,2.63905733,0,0,1,2.8,NA,14,0.014,NA,0,0,1,1,0
0,24.63528884,2.397895273,0,0,1,3.9,0.5,29,2.00E-06,1,1,1,1,1,2
0,2.397895273,1.609437912,0,0,1,2.3,NA,44,0.00079,1,NA,NA,NA,NA,NA
0,#NAME?,1.386294361,1,0,0,2.3,0.6,22,0.00025,1,0,1,1,0,2
1,22.66917599,1.098612289,0,1,0,1.8,0.7,50,6.70E-06,1,0,0,0,0,0
0,17.37085862,2.197224577,0,0,1,2.4,NA,4,1.00E-04,NA,0,1,1,1,0
0,0,2.833213344,0,0,1,2.8,1,61,2.80E-05,1,0,1,1,0,0
1,NA,1.609437912,0,0,1,4,NA,12,0.00322,1,0,0,1,1,3
1,17.00011857,2.564949357,0,0,1,4.2,0.62,13,0.00227,1,0,0,1,1,0
1,20.43558376,2.833213344,0,0,1,4.5,0.5,31,3.00E-05,1,1,1,1,1,0
0,27.03318412,1.609437912,0,0,1,2.5,0.55,44,1.00E-07,1,0,1,1,0,0
0,18.75715298,2.079441542,0,0,1,3.2,0.4,120,0.006,1,1,1,1,1,0
1,18.93947454,1.945910149,0,0,1,3.5,0.7,15,0.00035,1,1,1,1,1,1
1,18.43063107,1.386294361,0,0,1,3.6,NA,32,0.0014,NA,0,0,1,1,0
0,19.70161459,3.526360525,0,0,1,2.6,0.6,21,1.00E-04,1,0,0,1,0,0
1,17.11134742,1.609437912,0,0,1,2.4,0.9,28,0.0014,NA,1,1,1,1,0
0,#NAME?,2.708050201,0,0,1,1.8,NA,87,0.0028,1,0,0,1,1,0
0,16.11809565,1.945910149,0,0,1,1.6,0.5,31,1.00E-04,1,0,1,0,0,0
0,19.16261809,2.48490665,1,0,0,4.5,NA,33,0.000143,1,0,0,1,1,0
1,19.35284482,2.890371758,0,0,1,3.4,0.75,68,0.2956,1,1,1,1,1,0
0,14.92678698,1.945910149,0,0,1,2.5,0.23,26,0.000168,1,0,0,1,1,0
0,19.51929303,1.386294361,1,0,0,1.8,0.3,92,5.00E-04,NA,1,1,1,1,0
1,NA,2.197224577,0,0,1,3.3,NA,24,0.00125,1,0,1,1,1,1
0,19.51260404,1.791759469,0,0,1,1.6,NA,30,NA,NA,1,1,0,0,0
1,NA,2.564949357,0,0,1,3.5,0.45,45,0.0028,1,0,1,1,1,0
1,20.03011866,2.63905733,0,1,0,3.1,0.75,93,0.00077,1,0,1,1,1,0
1,19.36166409,2.890371758,0,1,0,3.6,0.8,60,5.00E-04,NA,1,1,1,1,3
0,16.30041721,0.693147181,0,0,1,1.7,0.6,28,0.001,1,1,1,1,0,0
1,20.43558376,0.693147181,0,0,1,2.3,NA,30,1.00E-04,1,0,1,1,0,0
1,1.386294361,2.772588722,0,0,1,3.3,0.97,43,2.00E-05,1,0,1,1,0,0
1,18.42068074,#NAME?,0,0,1,1.3,NA,29,NA,NA,0,0,0,0,0
1,16.06680236,2.772588722,0,0,1,3.5,0.57,25,0.014,1,1,1,1,1,0
1,19.63440584,3.044522438,0,0,1,4,0.51,28,1.00E-04,NA,1,1,1,1,0
0,18.31532023,2.890371758,0,0,1,2.1,0.6,31,0.0017,1,1,1,1,0,0
0,19.33697148,2.772588722,0,0,1,3.6,0.5,16,1.00E-04,1,1,1,1,1,3
1,19.67344371,2.48490665,0,0,1,4.2,0.35,76,3.50E-05,1,1,1,1,1,0
1,16.6487239,3.401197382,0,0,1,3.5,0.68,106,0.0033,NA,NA,NA,NA,NA,NA
0,#NAME?,1.945910149,0,0,1,1.9,NA,29,8.40E-05,1,0,1,1,0,0
1,18.42068074,2.48490665,0,0,1,3.5,NA,29,8.00E-05,1,1,1,1,1,3
0,#NAME?,#NAME?,0,0,1,1.5,0.7,33,0.00161,NA,0,0,1,0,0
0,14.91412285,1.386294361,1,0,0,1.4,NA,17,NA,NA,0,1,1,1,0
1,NA,2.772588722,1,0,0,4.6,0.5,58,1.00E-04,1,1,1,1,1,0
1,18.71335036,2.833213344,0,0,1,3.3,0.67,17,0.000168,1,NA,NA,NA,NA,NA
1,5.298317367,1.609437912,1,0,0,3,0.4,31,1.00E-04,1,1,1,1,0,3
0,#NAME?,1.386294361,1,0,0,1.3,0.6,76,NA,NA,0,0,1,0,0
0,20.72326584,2.564949357,0,0,1,1.8,0.24,27,NA,1,1,1,1,0,0
1,19.99241679,3.17805383,0,0,1,2.8,0.6,40,0.00013,1,0,1,1,1,0
0,18.19753719,1.609437912,0,0,1,2.5,NA,30,5.00E-04,1,0,0,1,0,0
1,20.21244021,1.386294361,1,0,0,3.1,0.5,31,0.00021,1,0,1,1,1,0
1,2.995732274,1.791759469,0,1,0,3.1,0.8,28,0.00096,0,1,1,1,1,3
0,20.72326584,1.098612289,1,0,0,2.6,NA,60,2.80E-05,1,0,0,1,1,0
1,NA,1.386294361,0,0,1,2.5,NA,32,0.009,1,0,0,1,1,0
1,NA,2.197224577,0,0,1,3.9,NA,31,8.00E-05,NA,0,1,1,1,0
0,16.02378497,1.609437912,0,0,1,2.8,0.91,5,0.00056,NA,1,1,1,0,0
0,18.51529138,2.079441542,0,0,1,2.7,NA,20,1.00E-04,NA,0,1,1,0,0
1,25.32843602,3.218875825,1,0,0,4.2,0.47,62,1.00E-05,1,0,1,1,1,0
0,18.24632736,2.48490665,0,0,1,3.1,NA,52,0.0014,NA,0,1,1,1,2
0,15.8949521,2.890371758,0,0,1,2.3,0.8,74,0.002,1,0,1,1,0,0
0,18.25816181,1.945910149,1,0,0,1.6,0.85,32,5.00E-04,NA,1,0,0,0,0
1,15.3091189,3.295836866,0,0,1,4.1,0.08,46,0.004,1,1,1,1,1,0
0,16.38045992,#NAME?,1,0,0,2,0.65,31,NA,1,0,0,1,0,0
1,15.76142071,1.791759469,0,0,1,2.7,0.7,30,0.0057,1,1,1,1,0,0
1,NA,2.564949357,0,0,1,3.2,0.87,30,NA,NA,1,0,1,1,0
1,17.72753356,2.772588722,0,0,1,4.3,0.5,30,0.0022,1,0,1,1,1,2
1,16.11809565,2.772588722,0,0,1,3,0.8,28,0.01,NA,1,1,1,1,3
0,18.09217668,1.791759469,0,0,1,2.7,0.72,14,0.00142,NA,0,1,1,1,0
1,NA,3.091042453,0,0,1,3.6,0.7,75,0.0014,1,1,1,1,1,3
1,17.95864528,2.079441542,1,0,0,2.3,NA,30,3.00E-04,NA,1,0,1,0,0
0,#NAME?,1.609437912,0,0,1,1.9,NA,30,0.003,NA,0,1,1,0,0
1,20.03011866,2.708050201,1,0,0,2.5,NA,6,NA,NA,0,0,1,1,3
0,14.22097567,2.197224577,0,0,1,1.7,NA,45,0.014,1,0,0,1,1,0
0,#NAME?,1.386294361,1,0,0,1.2,NA,91,0.01,1,0,0,1,0,0
0,17.90985512,2.197224577,1,0,0,2.4,0.51,29,0.00083,NA,1,1,1,1,0
1,20.03011866,2.833213344,0,0,1,3.1,0.77,127,0.00014,1,0,0,1,1,3
0,15.83041358,1.386294361,0,0,1,2.1,0.75,13,0.0014,1,0,0,0,0,0
0,15.20180492,0.693147181,0,0,1,2.2,0.4,60,0.0014,1,0,0,1,1,0
0,18.6030023,2.564949357,0,0,1,2.7,0.8,7,0.000154,NA,1,1,1,1,0
1,22.51502531,3.526360525,0,0,1,3.6,0.6,28,0.00154,1,1,1,1,1,2
1,NA,2.079441542,0,0,1,3.8,NA,1,0.0011,1,0,0,1,1,2
0,17.45769141,1.791759469,0,0,1,2.3,0.76,31,0.01,1,0,1,1,1,0
0,21.41641302,#NAME?,0,0,1,1.6,0.45,40,3.80E-05,1,1,1,1,0,0
1,20.29248292,3.044522438,0,0,1,4.2,0.65,11,2.50E-05,1,0,0,1,1,2
0,20.03011866,#NAME?,1,0,0,1.7,0.5,17,4.30E-05,1,1,1,1,0,0
0,17.34245914,1.386294361,1,0,0,2,0.81,151,0.00014,0,0,0,1,1,0
1,20.03011866,2.772588722,0,0,1,3.7,0.4,36,0.000144,NA,0,0,1,1,0
1,17.82284374,1.609437912,1,0,0,1.6,0.65,42,1.00E-04,1,0,1,1,0,0
1,20.03011866,2.302585093,1,0,0,3.2,0.46,133,7.00E-04,1,1,1,1,0,0
0,#NAME?,2.302585093,0,0,1,3.3,NA,32,8.00E-05,1,0,0,1,1,0
1,19.80754994,3.610917913,0,0,1,3.8,NA,0,4.00E-04,NA,0,1,1,1,3
1,16.11809565,2.302585093,0,0,1,3.5,NA,0,0.04179,NA,0,0,1,1,3
0,17.90985512,2.48490665,0,0,1,2.1,0.5,30,0.00125,NA,1,1,1,1,0
0,19.85576527,0,1,0,0,3.3,0.42,20,1.00E-05,1,1,1,1,1,0
0,15.76142071,0,1,0,0,2.1,0.28,77,7.00E-04,1,1,0,1,1,0
0,18.13299867,2.63905733,0,0,1,2.5,0.75,20,1.00E-04,1,1,1,1,1,0
0,19.11382792,2.708050201,0,1,0,2.1,0.4,28,0.00014,NA,0,0,1,0,0
1,4.605170186,1.791759469,0,0,1,2.4,0.5,95,0.00014,1,1,1,1,1,0
1,16.11809565,1.098612289,0,0,1,3,NA,189,0.004,NA,1,1,1,0,3
0,14.50865774,0,0,0,1,2.1,0.4,44,NA,1,1,1,1,1,0
1,NA,3.36729583,1,0,0,3.3,0.5,69,4.00E-04,1,1,1,1,1,1
1,20.03011866,2.48490665,0,1,0,3.2,0.5,77,7.00E-05,1,0,1,1,1,0
0,#NAME?,2.397895273,0,0,1,2.5,0.25,8,0.0011,1,1,1,1,0,0
0,20.90558739,#NAME?,0,0,1,3,0.5,31,1.00E-04,1,1,1,1,0,3
0,21.41641302,1.791759469,0,0,1,1.9,0.34,70,0.00013,1,1,1,1,0,0
0,17.24949776,0.693147181,0,0,1,2.2,NA,84,3.00E-05,1,1,1,1,0,0
1,NA,1.945910149,0,0,1,1.8,NA,29,9.00E-04,NA,0,1,0,1,2
0,18.82614585,2.48490665,0,1,0,2.9,0.15,14,2.80E-05,1,1,1,1,1,0
0,#NAME?,2.197224577,0,0,1,2.7,NA,9,0.035,1,0,0,1,1,0
0,17.12969656,2.197224577,0,0,1,2.4,0.55,56,0.001,1,1,1,1,0,0
1,17.50439001,1.945910149,1,0,0,3.1,0.1,-2,NA,1,1,0,1,0,0
1,NA,2.63905733,0,0,1,4.1,0.55,47,0.00014,1,0,1,1,1,3
1,18.46947091,1.609437912,0,0,1,3.3,0.35,17,0.00014,1,0,1,1,0,0
1,18.42068074,1.791759469,0,0,1,2.6,0.7,31,8.40E-05,1,1,1,1,1,0
1,13.52782849,1.791759469,0,0,1,2.3,NA,1,0.45,NA,0,0,1,0,2
0,#NAME?,1.386294361,0,1,0,1.3,NA,10,NA,NA,1,1,0,0,0
1,NA,2.48490665,1,0,0,4.1,0.6,37,0.002,NA,1,1,1,1,0
1,18.40047804,2.564949357,0,0,1,2.9,0.9,59,0.0035,NA,0,1,1,0,0
1,NA,2.708050201,1,0,0,3.8,NA,382,0.0014,NA,0,1,1,1,0
1,19.19770941,2.63905733,0,0,1,3.9,0.72,29,2.00E-04,1,1,1,1,1,0
1,NA,2.63905733,0,0,1,3,0.5,30,0.00154,1,0,0,1,1,2
0,16.81124283,1.609437912,0,0,1,2.3,0.25,54,0.00056,1,1,1,1,1,0
0,16.30041721,2.197224577,0,0,1,3.1,0.5,30,0.00125,1,0,1,1,1,0
0,16.33327042,2.397895273,0,0,1,2.5,NA,120,0.1023,NA,0,1,1,0,3
1,18.82614585,3.295836866,0,0,1,4,0.69,46,0.000214,1,1,1,1,1,0
0,18.42068074,1.609437912,1,0,0,1.8,0.33,182,2.00E-04,1,1,1,1,0,0
1,NA,2.833213344,0,0,1,3.5,0.92,30,0.001,1,0,1,1,1,0
0,20.90558739,1.791759469,1,0,0,2.4,0.6,40,2.50E-05,1,0,0,1,1,1
1,37.6567263,2.079441542,0,0,1,2.8,0.5,60,1.40E-05,1,1,0,1,1,0
0,#NAME?,2.302585093,0,0,1,2.1,NA,30,0.0014,1,1,1,1,1,0
1,19.2091381,2.48490665,0,0,1,3.6,0.11,31,1.00E-04,1,1,1,1,1,3
1,NA,3.135494216,0,0,1,3.9,NA,31,0.168,1,0,0,1,1,2
1,21.13537549,3.295836866,0,0,1,3.8,0.58,30,5.60E-05,1,1,1,1,1,2
1,20.72326584,2.63905733,0,0,1,3.1,0.1,42,0.000126,NA,1,1,1,1,3
0,4.304065093,1.609437912,0,1,0,2.4,0.74,30,1.00E-04,1,1,1,1,0,0
0,3.688879454,2.197224577,0,0,1,2.5,0.8,88,8.00E-05,1,0,1,1,0,0
1,20.40855509,3.258096538,0,1,0,4.4,0.7,30,0.000182,1,1,1,1,1,0
1,5.703782475,3.828641396,0,0,1,2.5,NA,64,0.0014,1,NA,NA,NA,NA,NA
1,NA,2.48490665,0,0,1,3.5,0.48,17,0.000167,1,1,1,1,1,0
0,17.11134742,2.48490665,0,0,1,3.4,0.9,61,1.00E-04,1,1,1,1,1,0
0,17.37085862,1.386294361,0,0,1,1.6,0.5,49,0.0014,NA,0,1,1,0,0
1,16.73679942,0.693147181,1,0,0,1.8,NA,63,0.00035,NA,1,1,1,1,3
1,NA,2.772588722,0,0,1,3.8,0.77,31,7.00E-04,1,1,1,1,1,0
0,18.42068074,0,1,0,0,1.5,NA,90,2.00E-04,NA,0,1,1,0,0
1,NA,3.433987204,0,0,1,2.6,0.32,60,0.00019,NA,1,1,1,0,0
0,19.51929303,#NAME?,1,0,0,1.8,NA,31,0.00014,NA,1,1,1,0,0
0,5.298317367,#NAME?,0,0,1,1.5,0.25,59,9.00E-04,1,1,1,1,0,0
0,14.22097567,2.079441542,0,0,1,2.1,NA,28,9.00E-04,1,0,0,1,0,0
0,18.13299867,2.079441542,1,0,0,3,0.75,30,1.00E-06,1,0,0,1,0,0
0,20.50012229,3.044522438,0,1,0,2.1,0.8,3,3.50E-05,NA,0,1,1,0,0
0,5.480638923,2.302585093,0,0,1,2.3,0.8,17,0.602,0,1,1,1,0,0
0,22.59506801,2.564949357,0,1,0,3.7,0.65,6,0.00032,1,1,1,1,1,0
1,NA,2.995732274,0,0,1,3.7,NA,30,0.001,1,0,1,1,1,2
0,16.01273514,1.386294361,0,0,1,1.8,NA,31,0.0014,NA,0,1,0,1,0
0,18.49764179,2.63905733,0,0,1,4.1,0.48,30,0.00025,1,0,1,1,1,1
0,16.52356076,1.386294361,0,0,1,2.4,0.67,32,3.00E-04,1,0,0,1,0,0
0,17.28124646,2.397895273,0,0,1,2.4,0.5,28,0.00028,1,0,0,1,1,0
1,20.29248292,2.890371758,0,0,1,3.1,0.65,19,3.00E-05,NA,1,1,1,1,0
0,18.89068437,1.098612289,0,0,1,1.6,0.8,21,0.00033,NA,1,1,0,0,0
1,NA,2.197224577,1,0,0,4,NA,43,NA,NA,0,0,1,1,3
1,NA,0,0,0,1,1.5,NA,25,NA,NA,0,0,0,0,0
1,20.21244021,2.397895273,0,0,1,4,0.6,14,0.00033,1,0,1,1,1,1
1,18.42068074,2.890371758,1,0,0,3.6,0.35,31,0.0014,1,0,1,1,1,3
0,16.58559615,#NAME?,0,0,1,1.7,0.76,30,0.0014,1,1,1,1,1,0
1,19.80697511,#NAME?,0,0,1,2,NA,31,0.00025,NA,1,1,1,1,0
1,17.90985512,2.48490665,0,1,0,3.7,0.6,49,0.00021,1,1,1,1,1,0
0,18.51243461,2.48490665,1,0,0,1.8,0.73,70,0.00061,1,1,1,1,0,0
0,17.62217305,1.945910149,0,0,1,1.9,0.45,22,0.00035,NA,1,1,1,1,0
0,#NAME?,3.091042453,1,0,0,2.5,0.4,132,0.0077,NA,0,0,1,1,2
1,20.03011866,1.386294361,0,0,1,2.5,NA,70,NA,NA,0,1,1,0,3
1,5.010635294,#NAME?,0,0,1,2,0.75,30,4.80E-05,0,0,0,1,0,0
0,#NAME?,2.302585093,0,0,1,2.5,NA,35,0.00066,1,1,1,1,0,0
0,18.0640058,2.302585093,0,1,0,2,0.7,90,7.00E-04,1,1,1,1,0,0
0,20.21244021,1.945910149,0,0,1,2.6,0.67,42,5.00E-05,1,1,1,1,0,0
1,19.33697148,2.890371758,1,0,0,3.3,0.33,30,0.0025,1,0,1,1,1,0
0,17.37085862,2.890371758,0,0,1,4.2,0.35,95,9.00E-04,1,1,1,1,1,0
1,19.11382792,2.302585093,1,0,0,3.1,NA,98,NA,1,0,1,1,1,3
1,17.81003478,2.63905733,0,0,1,3.6,0.7,31,0.0026,1,1,0,1,1,3
1,18.82614585,2.772588722,0,0,1,3.5,0.5,10,0.00021,1,0,1,1,0,0
1,18.82614585,3.433987204,0,0,1,3.9,0.75,35,0.00049,1,0,1,1,1,0
0,#NAME?,#NAME?,1,0,0,1,NA,44,1.00E-06,1,0,0,1,0,0
1,16.21919179,3.044522438,0,0,1,3.7,NA,152,0.0047,1,NA,NA,NA,NA,NA
0,#NAME?,2.197224577,0,0,1,3.2,0.48,88,0.0011,1,1,1,1,1,0
1,17.50439001,2.079441542,0,0,1,2.7,NA,45,NA,NA,0,1,1,1,0
1,16.81124283,2.772588722,0,0,1,4.1,NA,30,NA,NA,0,0,1,1,3
0,0.693147181,#NAME?,0,0,1,1.7,0.83,10,7.00E-04,1,0,0,1,0,0
1,NA,1.945910149,0,0,1,2.5,0.4,7,1.40E-06,0,0,0,1,1,0
0,#NAME?,2.302585093,0,0,1,2.3,0.96,22,5.00E-04,1,1,1,1,0,0
1,NA,1.098612289,1,0,0,3.2,NA,30,NA,NA,0,0,1,0,0
1,17.62217305,3.044522438,0,0,1,4,0.6,98,0.0014,1,1,1,1,1,0
1,19.9920071,2.708050201,0,0,1,3.2,0.7,62,2.80E-05,1,1,1,1,1,3
0,19.90228528,2.772588722,0,0,1,2.7,NA,92,0.0105,1,0,1,1,0,0
0,#NAME?,1.098612289,1,0,0,2.3,NA,28,0.0014,NA,0,1,1,1,0
1,19.97777218,3.63758616,0,0,1,4.3,0.47,58,0.00014,0,1,1,1,1,1
0,19.92475814,1.609437912,0,0,1,2.1,0.45,21,1.00E-04,1,0,0,1,1,0
0,18.82614585,1.791759469,0,0,1,3.1,0.5,56,2.00E-04,1,1,1,1,0,0
1,20.21244021,2.197224577,1,0,0,3.3,0.6,NA,NA,1,0,0,1,1,3
0,18.25816181,2.772588722,1,0,0,3.1,0.5,45,0.000182,1,NA,NA,NA,NA,NA
0,14.5574479,1.945910149,0,0,1,2.4,0.1,65,0.0014,NA,0,0,1,1,0
0,24.360852,#NAME?,1,0,0,1.3,0.38,11,1.40E-05,1,0,1,1,0,0
0,13.12236338,1.791759469,1,0,0,2.5,0.74,21,0.65,1,1,1,1,1,0
0,20.03011866,3.663561646,0,0,1,3.4,0.5,27,0.00028,1,0,1,1,1,0
0,17.87595357,2.079441542,0,0,1,2.5,NA,41,0.001078,1,0,0,1,1,0
0,#NAME?,1.386294361,0,1,0,1.5,NA,59,0.00014,1,0,0,1,0,0
1,NA,2.564949357,0,0,1,2.1,NA,30,0.00168,1,0,1,1,0,0
0,20.21244021,1.098612289,0,0,1,2.9,NA,31,0.00025,NA,0,0,1,1,0
0,14.22097567,1.609437912,0,0,1,2.1,0.9,29,0.028,NA,0,1,1,1,0
0,16.92902587,2.48490665,0,0,1,2.8,0.9,44,0.0014,1,0,1,1,0,0
0,19.11382792,1.791759469,0,0,1,3,0.5,12,5.00E-06,1,0,0,1,0,1
1,NA,2.48490665,0,0,1,3.5,0.73,53,9.00E-05,1,1,1,1,1,0
0,17.98989783,1.791759469,0,0,1,2.7,0.65,29,2.00E-04,1,1,1,1,1,0
0,#NAME?,1.386294361,0,0,1,2.1,NA,45,0.0025,1,1,1,1,0,0
0,16.30041721,1.791759469,0,0,1,2,0.85,40,0.00175,0,1,1,1,0,0
1,25.04075395,2.833213344,0,0,1,3.7,0.7,113,2.00E-06,1,0,1,1,1,2
1,19.80697511,2.48490665,0,0,1,3.2,NA,31,0.00326,1,0,0,1,1,0
1,NA,3.465735903,0,0,1,3.9,0.69,56,5.60E-05,1,0,1,1,1,0
0,17.72753356,#NAME?,0,0,1,2.3,0.5,60,0.001,1,1,1,1,0,0
0,5.010635294,1.386294361,0,0,1,1.9,0.1,30,2.00E-04,1,0,0,1,0,0
0,20.03011866,2.890371758,0,0,1,3.9,0.6,25,2.00E-04,1,1,1,1,1,0
0,24.12446322,1.609437912,1,0,0,2.7,0.75,13,2.70E-06,1,1,1,1,1,0
1,18.42068074,2.995732274,0,0,1,3.3,0.87,30,NA,NA,0,0,1,0,1
1,17.98989783,3.258096538,0,0,1,3.3,0.65,46,0.00112,0,1,1,1,1,0
1,NA,2.48490665,0,0,1,3.5,0.4,42,5.00E-04,1,0,1,1,1,0
1,23.02585093,2.302585093,1,0,0,3.1,0.8,60,NA,1,0,1,1,1,0
0,17.72753356,2.708050201,0,0,1,2.4,NA,30,4.00E-04,NA,1,1,1,1,0
0,#NAME?,1.386294361,0,0,1,1.3,NA,30,0.00225,1,0,0,1,0,0
0,#NAME?,2.890371758,0,1,0,2.3,NA,31,0.00083,1,0,1,1,0,0
1,6.70930434,2.708050201,0,0,1,3,NA,0,0.001,NA,0,0,1,1,3
1,20.01398927,2.708050201,0,0,1,4.2,0.41,14,0.00014,1,1,1,1,1,3
1,18.13299867,3.091042453,0,0,1,4.6,0.85,90,0.0014,1,0,1,1,1,0
1,19.4005095,1.609437912,1,0,0,4.1,0.3,57,2.00E-04,NA,1,1,1,1,0
0,#NAME?,1.098612289,0,0,1,1.8,NA,39,0.01,1,0,0,0,1,0
1,17.43985149,2.302585093,0,0,1,2.4,0.75,31,0.00019,1,1,1,1,1,0
0,#NAME?,2.708050201,0,0,1,2.1,0.8,90,0.0014,1,1,1,1,1,0
1,19.11382792,2.564949357,0,0,1,3.7,0.25,22,0.000125,1,0,1,1,1,3
0,#NAME?,2.564949357,1,0,0,2.4,NA,60,5.00E-05,1,0,0,1,1,0
1,19.62964109,2.397895273,1,0,0,2.5,NA,15,1.00E-04,NA,0,1,1,0,0
1,NA,2.708050201,1,0,0,3.1,NA,31,NA,1,0,0,1,0,3
0,16.54074558,2.197224577,0,0,1,2.5,NA,140,0.000112,1,1,1,1,0,0
1,17.21670794,2.708050201,0,0,1,4,0.6,21,0.00333,1,NA,NA,NA,NA,NA
1,13.59236701,2.833213344,0,0,1,2.8,0.8,90,0.0252,1,1,1,1,1,0
1,17.88453731,1.098612289,0,1,0,3,0.9,30,2.00E-04,1,0,1,1,0,0
0,17.98989783,2.302585093,0,0,1,2.5,0.6,63,0.0047,1,0,1,1,0,0
1,NA,2.995732274,0,0,1,3.5,NA,31,0.6,1,0,1,1,1,0
0,22.80270738,1.791759469,0,0,1,2.6,0.5,57,7.00E-04,1,0,0,1,1,0
1,15.31958795,#NAME?,0,1,0,2.1,0.91,3,NA,0,0,0,1,1,0
0,#NAME?,#NAME?,0,0,1,1.3,0.92,31,0.001,1,0,1,1,0,0
0,#NAME?,3.091042453,0,0,1,3.4,0.8,90,1.00E-04,1,0,1,1,1,0
0,17.98989783,1.609437912,0,0,1,1.9,0.65,26,0.00013,NA,0,1,1,0,0
0,19.19078897,1.098612289,0,0,1,2.6,0.4,0,0.00025,1,0,1,1,0,0
1,19.11382792,2.63905733,0,0,1,2.6,NA,30,0.001,1,0,1,1,1,0
1,NA,3.555348061,0,0,1,2.6,0.93,32,0.00035,1,0,0,1,1,3
1,NA,3.091042453,0,0,1,3.6,NA,34,NA,1,0,1,1,1,3
1,17.19650523,1.945910149,0,1,0,3.4,0.3,14,0.000456,NA,0,1,1,1,0
1,17.74733619,2.890371758,0,0,1,3.7,NA,5,NA,NA,0,0,1,1,3
1,17.77632373,2.772588722,1,0,0,4.3,0.49,28,8.90E-05,1,1,1,1,1,3
1,4.605170186,2.833213344,0,0,1,2.9,0.6,30,0.00014,NA,1,1,1,1,0
0,18.951309,2.890371758,0,0,1,4.1,0.4,22,1.00E-04,1,0,1,1,1,3
1,NA,2.397895273,0,0,1,2.6,0.7,30,1.40E-05,1,0,0,1,0,0
1,NA,2.564949357,0,0,1,2.9,0.85,42,0.01,1,1,1,1,0,0
0,18.42068074,1.609437912,0,0,1,2.9,0.4,31,0.001,1,1,1,1,1,0
1,11.95836741,1.945910149,0,0,1,2.4,NA,31,0.0189,NA,0,1,1,0,0
0,#NAME?,1.386294361,0,0,1,2.4,NA,5,1.40E-05,NA,0,1,1,1,0
1,16.81124283,2.772588722,0,0,1,3.1,0.6,66,0.0028,1,0,0,1,1,0
1,20.36057282,2.302585093,0,0,1,3.1,0.71,28,0.00022,NA,1,1,1,1,0
0,19.80697511,1.609437912,0,0,1,2.3,0.8,76,0.000286,1,1,1,1,0,0
0,#NAME?,1.098612289,0,0,1,1.6,NA,31,0.0014,1,0,0,1,0,0
1,17.90985512,3.258096538,0,0,1,3.5,0.6,7,7.00E-04,1,1,1,1,1,0
1,NA,1.945910149,1,0,0,3.3,NA,0,NA,1,0,0,1,1,3
1,NA,1.098612289,0,0,1,2.3,NA,42,NA,NA,0,0,1,1,0
1,20.21244021,3.465735903,1,0,0,4.1,0.6,73,NA,1,1,1,1,1,0
0,19.80697511,1.098612289,0,0,1,1.6,0.8,61,3.00E-05,1,0,1,1,0,0
1,19.51929303,2.302585093,0,0,1,3.2,0.3,10,NA,1,0,1,1,1,0
1,19.69118259,2.772588722,0,1,0,3.6,0.36,49,0.00014,1,1,1,1,1,0
0,#NAME?,#NAME?,0,0,1,1.5,NA,41,0.00021,0,0,0,1,0,0
1,NA,1.791759469,0,0,1,2.6,0.5,58,0.000434,1,1,0,1,1,3
0,#NAME?,2.302585093,0,0,1,3.5,0.92,52,0.001995,1,1,0,1,1,0
1,20.03011866,2.48490665,0,0,1,3.6,NA,30,0.000154,0,0,1,1,1,2
1,17.21670794,2.302585093,0,0,1,2.9,0.75,31,0.00014,1,0,1,1,1,0
1,17.58135105,2.833213344,1,0,0,3.3,0.43,56,0.005,NA,1,1,1,1,2
0,#NAME?,2.302585093,0,0,1,2.8,0.4,58,0.00168,1,1,1,1,1,0
0,22.1095602,2.63905733,0,0,1,2.4,0.4,56,1.25E-05,1,0,1,1,0,0
1,19.98140906,1.791759469,0,0,1,4,0.5,39,0.00014,1,0,1,1,1,2
0,24.41214529,1.791759469,0,0,1,2.4,NA,60,6.00E-07,1,1,1,1,0,0
1,18.0051653,2.564949357,0,0,1,2.9,0.6,18,0.00063,1,1,1,1,1,3
0,#NAME?,2.564949357,0,0,1,2.6,0.3,61,0.00064,1,1,1,1,0,2
1,20.03011866,2.48490665,0,0,1,3.6,0.33,15,0.000165,NA,0,1,1,1,3
1,17.72753356,2.397895273,1,0,0,2.9,0.5,25,7.00E-04,1,0,1,1,1,0
0,17.72753356,3.218875825,0,1,0,2.5,0.5,30,0.0025,1,0,1,1,0,0
1,19.80697511,1.791759469,0,0,1,3.3,0.4,30,0.00027,1,0,0,1,1,2
0,18.42068074,#NAME?,0,0,1,1.5,NA,31,0.00014,NA,0,1,1,0,0
0,20.72326584,2.302585093,0,0,1,3.6,NA,105,5.00E-04,1,1,0,1,1,0
1,17.21670794,2.708050201,1,0,0,3.3,NA,59,0.00154,NA,0,1,1,1,0
1,17.21670794,2.197224577,0,0,1,3.9,0.8,29,0.003,NA,1,1,1,1,1
0,17.72753356,2.079441542,0,0,1,2.1,0.5,61,0.004,NA,0,0,1,0,0
0,17.37085862,1.945910149,0,1,0,2.3,NA,60,7.00E-04,1,1,1,1,0,0
0,19.11382792,1.945910149,0,0,1,3.2,0.7,30,0.002,1,0,0,1,1,2
1,NA,2.302585093,0,0,1,3.3,NA,23,NA,NA,0,0,1,1,0
1,15.84365881,2.944438979,0,0,1,3.3,0.76,29,7.00E-04,1,1,1,1,1,0
1,18.17221938,1.609437912,1,0,0,3.1,0.78,137,0.00056,1,0,1,1,1,0
0,14.84512998,2.197224577,0,0,1,4.2,0.85,59,0.0014,1,0,1,1,1,0
1,21.41641302,1.791759469,0,0,1,3,0.5,28,7.00E-05,1,0,0,1,0,0
0,19.71540791,2.63905733,0,0,1,1.7,0.73,45,0.00014,1,1,1,1,0,0
1,NA,1.386294361,0,0,1,2.8,NA,30,0.0014,1,1,1,1,1,0
0,19.83166772,2.079441542,1,0,0,2.9,0.41,13,9.80E-05,NA,0,0,1,1,3
1,19.13744679,2.708050201,0,0,1,3.7,NA,6,0.00014,NA,0,1,1,1,0
1,18.08170538,2.197224577,0,0,1,3.6,0.71,45,0.0001575,1,0,1,1,1,2
0,18.82614585,2.302585093,0,0,1,2.8,0.3,31,0.001,1,1,1,1,1,0
1,17.21670794,2.079441542,0,1,0,3.1,NA,31,0.002,NA,1,1,1,0,3
0,17.72753356,#NAME?,0,0,1,2.6,0.5,31,0.002,1,0,0,1,0,0
1,16.50335805,3.135494216,0,0,1,3.3,0.13,31,0.007,NA,0,1,1,1,3
1,18.42068074,2.079441542,0,0,1,1.8,NA,30,9.00E-04,NA,0,0,0,0,3
1,17.72753356,2.079441542,0,0,1,3.6,0.8,27,0.005,NA,1,1,1,1,2
0,19.11382792,2.63905733,1,0,0,2.8,NA,58,4.00E-04,1,1,1,1,0,0
1,NA,1.945910149,0,0,1,3.6,0.4,28,0.001,1,1,1,1,1,0
1,NA,3.33220451,1,0,0,3.8,0.7,54,0.0014,1,0,1,1,1,0
0,13.48700649,1.945910149,0,0,1,2.5,NA,60,0.00154,NA,1,1,1,1,0
1,18.19753719,2.197224577,0,0,1,3.1,0.75,41,0.0014,1,0,1,1,0,0
1,NA,2.397895273,0,0,1,1.8,NA,30,0.0014,NA,0,0,1,0,0
0,15.38412648,#NAME?,1,0,0,1.7,0.8,23,0.04,1,1,1,1,1,0
0,20.12542884,1.386294361,0,0,1,3.2,0.55,14,5.00E-04,1,NA,NA,NA,NA,NA
1,NA,1.386294361,0,0,1,2.3,0.7,31,0.001,1,0,1,1,0,0
0,16.11809565,1.945910149,1,0,0,2.5,0.24,28,NA,NA,0,0,1,0,0
0,15.8949521,2.772588722,1,0,0,4,0.8,26,0.001,1,0,1,1,1,3
0,14.65275808,2.890371758,0,0,1,2.7,0.77,186,0.0224,1,1,1,1,1,0
0,16.11809565,2.833213344,0,0,1,2.3,NA,64,0.00854,NA,1,1,1,1,0
1,20.03011866,2.890371758,1,0,0,4.5,0.5,18,0.00042,1,1,1,1,1,2
0,18.76427045,2.197224577,0,0,1,2.4,NA,27,0.0016,1,1,0,1,1,0
1,NA,1.098612289,1,0,0,2,NA,31,NA,NA,0,0,0,0,3
0,18.13299867,3.044522438,0,0,1,2.6,0.75,32,0.0014,1,1,1,1,1,0
1,NA,2.944438979,0,1,0,3.7,NA,21,0.001,NA,0,0,1,1,2
0,16.3412392,1.791759469,0,1,0,1.4,NA,32,5.00E-04,1,1,0,1,0,0
0,#NAME?,#NAME?,0,0,1,1.6,NA,46,3.00E-04,0,0,0,1,0,0
0,#NAME?,1.386294361,0,0,1,1.2,NA,58,0.07,1,0,1,1,0,0
1,18.45555367,2.48490665,0,0,1,4,NA,55,0.00198,1,0,1,1,1,0
1,20.36659089,2.48490665,0,0,1,3.4,NA,14,0.000154,NA,1,1,1,1,3
0,#NAME?,1.945910149,0,0,1,1.4,0.67,45,0.00277778,1,0,0,1,0,0
1,20.12542884,2.564949357,1,0,0,3.5,0.5,9,NA,NA,1,1,1,1,0
1,NA,2.708050201,0,0,1,4.4,0.6,35,0.00035,1,0,1,1,1,3
1,17.03438638,1.386294361,0,0,1,1.3,NA,44,0.00035,NA,0,0,0,0,0
1,16.13002422,2.995732274,0,1,0,4.1,0.45,120,7.00E-06,1,1,1,1,1,2
0,16.41820024,#NAME?,1,0,0,1.8,0.15,14,0.000167,1,0,1,1,0,0
1,14.44263598,2.995732274,0,0,1,3.1,NA,30,0.007,NA,1,1,1,1,0
1,20.03011866,3.135494216,1,0,0,4.6,0.15,27,0.000224,1,1,1,1,1,0
1,NA,2.995732274,0,0,1,3.4,0.31,13,0.00021,1,0,0,1,1,1
1,19.51929303,2.890371758,0,0,1,4.5,0.3,30,0.0003333,1,0,1,0,1,0
1,18.70836278,2.708050201,0,0,1,3.5,NA,27,5.00E-04,NA,0,1,1,1,2
1,17.97751377,2.833213344,0,0,1,3.7,0.97,31,0.00083,1,0,1,1,1,2
0,20.03011866,1.386294361,0,0,1,2.3,0.4,29,0.000286,1,0,0,1,0,0
1,18.42068074,3.610917913,0,0,1,3.3,0.3,16,5.00E-04,1,1,1,1,1,0
1,19.67344371,2.397895273,0,0,1,2.5,0.7,44,NA,1,0,0,1,0,0
0,16.58809928,#NAME?,0,0,1,1.6,0.76,29,0.00028,1,0,0,1,0,0
0,#NAME?,2.564949357,0,0,1,2.3,0.25,20,2.80E-05,1,1,1,1,0,0
1,19.82677773,2.48490665,0,0,1,4.6,0.41,43,0.0872,1,1,1,1,1,1
0,#NAME?,2.48490665,0,0,1,3.6,NA,0,0.002,NA,1,1,1,1,3
1,2.708050201,1.386294361,0,1,0,2.4,0.75,32,2.00E-04,1,1,1,1,1,0
0,16.52356076,2.48490665,0,0,1,3.5,0.31,59,0.0014,1,0,1,1,1,2
1,18.1462439,1.386294361,0,0,1,3.9,NA,41,0.001,1,0,0,1,1,3
1,17.21670794,2.63905733,0,0,1,3.4,0.5,60,0.00125,1,1,1,1,1,0
1,19.11382792,2.890371758,1,0,0,2.4,0.68,31,0.0014,NA,1,1,1,1,0
1,NA,1.098612289,0,1,0,2.5,NA,60,4.00E-05,NA,0,1,1,1,0
1,NA,2.48490665,0,0,1,3.5,NA,31,1.00E-04,1,0,1,1,1,2
0,20.53089394,2.63905733,0,1,0,2.5,0.55,77,0.002,1,1,1,1,1,0
1,17.66139376,2.772588722,0,0,1,2.8,NA,0,0.0008547,NA,0,1,1,0,3
0,#NAME?,2.397895273,0,1,0,1.6,NA,67,0.77,NA,0,1,0,1,0
1,NA,1.945910149,1,0,0,2.5,NA,51,0.0014,NA,0,0,1,1,0
1,18.13299867,2.302585093,0,0,1,3.6,0.5,49,0.00058,1,1,1,1,1,3
0,20.36659089,2.397895273,0,0,1,2.6,0.7,30,0.00056,1,0,1,1,1,0
0,2.48490665,3.828641396,0,0,1,2.5,0.6,30,0.00168,NA,0,0,1,1,0
1,20.03011866,2.890371758,0,0,1,4.1,0.5,2,0.001,1,1,0,1,1,0
0,17.3990295,2.079441542,0,0,1,3.6,0.6,120,0.000237,NA,1,1,1,1,1
1,17.90985512,2.708050201,0,0,1,3.5,0.75,28,0.001,1,0,1,1,1,0
0,18.82614585,#NAME?,1,0,0,1.5,0.5,28,NA,1,0,0,1,0,0
1,16.81124283,3.135494216,0,0,1,2.7,NA,48,0.0014,NA,0,0,1,1,0
0,0,1.386294361,0,0,1,2.3,0.83,97,7.70E-05,1,0,0,1,1,0
1,NA,2.302585093,0,0,1,2.4,0.72,43,0.005,NA,0,0,1,1,0
1,17.82284374,2.079441542,0,0,1,2.8,NA,28,NA,NA,0,1,1,0,3
1,20.03011866,2.944438979,0,0,1,4.4,0.5,9,5.60E-05,1,1,1,1,1,2
1,19.11382792,2.564949357,1,0,0,2.9,0.1,31,0.00105,NA,0,1,1,1,0
0,3.951243719,2.63905733,0,0,1,2.4,NA,30,0.00049,1,NA,NA,NA,NA,NA
1,17.50439001,2.197224577,0,0,1,3.9,0.67,30,0.0014,1,1,1,1,1,3
0,16.81124283,#NAME?,0,0,1,2,0.4,31,0.00014,1,1,0,1,1,0
1,16.11809565,2.079441542,0,1,0,1.8,0.65,44,0.00033,1,0,0,1,1,0
1,NA,2.995732274,0,0,1,4,NA,30,0.000625,1,1,1,1,1,3
1,18.42068074,3.258096538,0,0,1,3.6,NA,35,NA,NA,0,0,0,0,0
1,15.83041358,#NAME?,1,0,0,1.6,NA,37,0.0014,1,1,1,1,0,0
0,14.50865774,1.609437912,0,0,1,2.2,0.5,89,0.0014,NA,1,1,1,1,0
1,6.109247583,2.302585093,0,1,0,4.2,1,30,3.30E-05,1,0,1,1,1,1
0,#NAME?,1.791759469,0,0,1,2.3,NA,14,0.001,NA,1,1,1,0,0
1,20.72326584,3.218875825,0,0,1,4.1,NA,5,4.40E-05,1,0,1,1,1,0
0,20.50012229,#NAME?,1,0,0,1,0.8,29,0.0014,1,0,0,1,0,0
1,18.42566829,2.564949357,0,0,1,4.1,NA,30,0.000196,1,1,1,1,1,2
0,18.42068074,2.48490665,0,0,1,2.8,0.7,29,0.00299,NA,1,1,1,1,0
1,19.47499277,3.044522438,0,0,1,3.6,0.82,91,0.001,1,1,1,1,1,0
1,18.82614585,3.044522438,0,0,1,3.5,0.98,79,0.0014,1,1,0,1,1,0
1,NA,0.693147181,0,1,0,1.9,NA,45,0.01,1,0,0,1,0,0
1,17.21670794,1.098612289,0,0,1,3.7,0.7,31,0.000166,1,1,1,1,1,0
1,14.22097567,1.791759469,0,1,0,3.1,0.4,20,1.40E-05,1,0,1,1,0,0
0,20.72326584,1.791759469,0,0,1,2,0.5,7,NA,1,0,0,1,1,0
0,20.50012229,1.791759469,0,0,1,3.6,0.8,114,0.00083085,NA,1,0,1,1,0
1,20.72326584,2.890371758,1,0,0,3.2,0.65,29,NA,1,0,1,0,1,3
0,#NAME?,1.791759469,0,0,1,2.1,NA,14,NA,NA,0,0,1,0,0
1,17.20833969,2.63905733,0,0,1,3.3,0.85,61,0.001,1,1,1,1,1,0
1,NA,0.693147181,0,0,1,2.5,NA,0,NA,NA,0,0,0,0,3
1,15.06827353,2.397895273,0,0,1,3.4,0.35,50,NA,NA,1,0,1,1,3
0,24.97176108,2.63905733,0,0,1,1.8,NA,30,2.50E-06,NA,0,0,1,1,0
1,16.52356076,1.791759469,0,0,1,2.8,NA,41,NA,NA,0,0,1,0,2
1,17.20328492,2.995732274,0,0,1,2.9,0.5,2,0.005,1,0,1,1,1,3
0,#NAME?,1.945910149,0,1,0,2.1,NA,30,0.0014,1,0,0,1,0,0
0,13.12236338,1.098612289,1,0,0,2.5,1,43,0.0014,1,0,1,1,0,0
0,#NAME?,1.945910149,0,0,1,2.5,0.6,29,9.80E-05,1,0,0,1,1,0
0,#NAME?,1.791759469,0,0,1,2.2,NA,77,7.43E-05,1,0,0,1,0,0
1,NA,3.258096538,0,0,1,2.8,NA,31,NA,1,0,0,1,1,3
1,NA,1.386294361,1,0,0,1.8,NA,28,NA,NA,0,0,1,0,1
0,18.98029653,2.63905733,0,0,1,3,0.8,28,0.0015,1,1,1,1,1,0
1,NA,1.945910149,0,0,1,2.6,NA,30,NA,NA,0,0,1,0,3
1,NA,2.890371758,1,0,0,3.6,0.3,28,0.000462,1,1,1,1,1,0
1,18.41063041,3.135494216,0,0,1,4.1,0.33,63,0.00026525,1,1,1,1,1,0
1,21.5117232,3.17805383,0,0,1,3.7,0.5,19,6.25E-05,1,1,1,1,1,2
0,#NAME?,#NAME?,0,0,1,2.1,NA,90,0.001,1,0,1,1,0,0
1,NA,2.079441542,0,0,1,2,0.7,63,0.042,1,0,0,1,1,1
0,19.67344371,2.564949357,0,0,1,2.7,0.7,92,NA,NA,0,0,1,1,0
0,16.55635058,#NAME?,0,1,0,1.6,NA,30,0.0014,1,0,0,1,0,0
1,NA,1.791759469,0,0,1,3.4,NA,30,0.00333,NA,0,0,1,1,2
1,17.72753356,2.48490665,0,1,0,3.1,0.77,108,0.001,1,1,1,1,1,0
1,19.16261809,3.091042453,0,1,0,3.6,0.7,50,1.00E-04,1,1,1,1,1,0
1,19.67344371,2.772588722,0,0,1,3.6,0.35,63,0.00014,1,0,1,1,1,3
0,#NAME?,2.197224577,0,0,1,2.3,NA,29,0.00049,1,0,1,0,0,0
0,16.81124283,2.772588722,0,0,1,4.2,0.2,93,0.00198,1,1,1,1,1,0
1,NA,1.609437912,0,0,1,3.8,NA,30,0.001,1,1,1,1,1,1
0,18.19753719,2.302585093,0,0,1,2.8,0.8,42,5.00E-04,1,0,1,1,1,0
1,NA,2.63905733,0,0,1,3.1,0.5,28,1.00E-04,1,0,1,1,1,0
1,NA,1.791759469,0,0,1,3,NA,60,0.05,1,0,1,1,1,0
1,18.42068074,2.48490665,0,0,1,3.4,0.71,48,4.00E-04,1,1,1,1,1,0
0,18.0640058,1.791759469,0,0,1,3.2,NA,39,0.0026,NA,0,1,1,1,0
1,19.11382792,2.772588722,0,0,1,3.7,NA,0,5.00E-04,1,1,1,1,0,3
0,17.72753356,2.302585093,1,0,0,3.3,0.5,30,0.06,1,1,1,1,1,3
1,NA,2.63905733,0,0,1,3.2,NA,62,0.00014,1,0,1,1,1,0
0,18.8337933,1.791759469,0,0,1,2.1,0.66,44,0.002504,1,1,1,1,0,0
1,17.98989783,1.098612289,0,0,1,2.1,0.65,59,0.00049,1,0,0,1,1,0
0,18.03501826,2.197224577,1,0,0,2,0.69,61,0.001667,1,1,1,0,0,0
1,NA,1.609437912,0,0,1,2.4,NA,30,NA,NA,1,1,1,1,0
0,18.41063041,1.386294361,0,0,1,3.3,0.5,39,NA,NA,1,1,1,1,0
0,15.76142071,#NAME?,0,0,1,1.6,0.25,27,0.00152,NA,0,0,1,1,0
0,21.41641302,3.465735903,0,1,0,3.3,0.5,14,0.00011,1,0,1,1,1,0
1,18.42068074,2.48490665,0,0,1,3.5,NA,30,0.0014,NA,0,1,1,1,3
1,17.50439001,2.708050201,0,0,1,3.2,0.4,90,2.00E-04,1,1,1,1,0,0
0,18.29284737,3.295836866,0,0,1,3.9,0.85,40,7.00E-04,1,1,1,1,1,0
1,NA,3.091042453,0,0,1,3.1,0.5,30,1.00E-04,NA,1,1,1,0,0
0,#NAME?,#NAME?,0,0,1,1.6,0.75,28,0.15,NA,1,1,1,1,0
1,16.09789294,1.098612289,1,0,0,2,0.7,17,0.000112,NA,0,0,1,0,0
1,18.0640058,3.044522438,0,0,1,3.2,0.7,26,NA,NA,1,1,1,1,3
1,16.81124283,2.397895273,0,0,1,2.4,0.7,29,1.00E-04,1,1,1,1,1,0
0,17.50439001,1.609437912,0,0,1,2.3,0.4,50,2.00E-04,1,1,1,1,1,0
0,19.86759973,1.098612289,1,0,0,2.1,0.85,16,0.00018,NA,0,0,1,0,0
0,18.0640058,2.63905733,0,0,1,2.4,0.7,14,0.00055,1,0,1,1,0,0
0,#NAME?,#NAME?,0,0,1,1.3,0.85,52,2.00E-04,1,0,0,0,1,0
0,#NAME?,1.609437912,0,0,1,2.6,NA,59,0.154,NA,0,1,1,1,3
1,NA,2.833213344,0,0,1,3.6,0.5,10,6.70E-05,1,0,1,1,1,0
0,#NAME?,2.397895273,0,0,1,3.8,0.6,52,0.00143,1,1,1,1,1,0
1,20.28862935,2.302585093,0,0,1,3.8,0.35,36,0.000667,1,0,1,1,1,3
0,22.42801393,3.17805383,0,0,1,3.2,0.55,14,1.40E-05,0,1,1,1,1,1
1,1.386294361,2.197224577,0,0,1,3.8,0.45,21,1.25E-05,1,0,1,1,1,2
1,21.12873095,2.564949357,0,0,1,3.8,0.6,31,1.40E-05,1,0,1,1,1,0
1,19.23161096,2.63905733,0,1,0,2.4,0.9,59,0.000112,1,1,1,1,1,0
0,16.45456789,1.386294361,0,1,0,1.7,0.1,3,NA,NA,0,0,1,0,0
0,17.62217305,2.708050201,0,0,1,3.7,0.2,12,0.00028,1,1,1,1,0,0
1,20.03011866,2.944438979,0,0,1,3.1,0.53,28,NA,1,0,0,1,1,3
1,16.89558398,2.302585093,0,0,1,2.4,0.68,31,0.0014,NA,0,1,1,0,0
0,17.72753356,1.945910149,0,0,1,2.6,0.5,28,0.00025,1,1,1,1,1,0
0,19.11382792,2.397895273,0,0,1,3.5,0.6,7,2.00E-04,1,1,1,1,1,0
1,17.03438638,1.791759469,1,0,0,2.4,0.6,55,0.00168,1,1,1,1,0,0
0,13.81551056,#NAME?,1,0,0,1.8,NA,68,0.00203,NA,0,0,1,0,0
0,#NAME?,1.945910149,0,0,1,2.7,0.45,193,0.00014,NA,0,0,1,1,3
0,#NAME?,2.772588722,1,0,0,2.3,NA,21,0.00014,NA,0,0,1,1,0
0,15.42494847,1.098612289,0,0,1,2.4,0.5,68,0.01,1,0,0,1,1,0
1,NA,1.386294361,0,0,1,2.5,NA,30,NA,NA,1,0,1,0,1
0,15.20180492,1.098612289,0,0,1,1.8,0.75,30,0.00014,1,1,1,1,0,0
1,18.0640058,2.890371758,0,0,1,2.6,NA,30,0.0014,1,1,1,1,1,0
1,NA,0.693147181,0,1,0,1.6,NA,79,NA,1,1,1,1,0,0
1,19.80697511,3.135494216,0,0,1,3.7,0.8,8,0.00014,1,1,1,1,1,2
0,18.75715298,1.609437912,1,0,0,2.7,0.7,90,0.000126,1,0,1,1,1,0
1,20.21244021,3.044522438,0,0,1,4,0.3,14,2.50E-05,1,1,1,1,1,2
0,14.50865774,1.609437912,0,0,1,2.1,0.74,30,6.70E-05,1,0,0,1,0,0
0,16.860033,2.397895273,0,1,0,3.9,0.54,33,9.50E-05,1,1,1,1,1,3
0,18.0640058,1.791759469,0,0,1,2.3,0.7,28,0.00033,1,0,1,1,0,0
1,14.50865774,1.791759469,0,0,1,3.8,0.18,30,0.00225,1,0,1,1,1,0
0,16.91660334,2.890371758,0,1,0,4.1,0.9,56,0.00112,1,1,1,1,1,0
1,17.72753356,3.091042453,0,0,1,3.7,0.5,27,0.0011,1,0,1,1,1,0
1,6.907755279,1.098612289,0,0,1,3,NA,1,42,NA,0,1,1,1,2
0,21.46520318,2.944438979,0,0,1,2.9,0.7,31,2.55E-06,NA,1,1,1,1,0
1,NA,2.197224577,0,0,1,2.3,NA,37,0.523,1,NA,NA,NA,NA,NA
0,#NAME?,0,0,0,1,2.6,NA,60,0.098,1,0,1,1,1,0
1,17.39929654,2.772588722,0,0,1,4.1,0.43,14,4.67E-05,0,0,1,1,1,3
1,NA,2.079441542,1,0,0,2.5,0.6,23,7.00E-04,1,0,1,1,1,1
1,18.83444465,2.564949357,0,0,1,3.8,0.6,27,0.00018,1,1,1,1,1,3
0,#NAME?,2.944438979,0,0,1,3.6,0.62,73,7.00E-04,1,1,1,1,1,0
1,NA,2.772588722,0,0,1,4.2,0.75,14,0.0014,1,0,1,1,1,0
1,18.47894965,2.708050201,0,0,1,3.5,0.53,26,0.000385,1,0,1,1,1,2
1,17.62217305,1.609437912,0,0,1,2.6,NA,21,0.0033,1,1,1,1,0,0
1,NA,2.302585093,0,0,1,2,NA,10,0.0014,1,0,1,1,1,0
1,NA,3.33220451,0,0,1,1.5,0.55,35,0.0014,NA,0,0,1,0,0
1,22.82739999,2.63905733,0,0,1,4,0.82,20,4.00E-06,1,1,1,1,0,0
0,19.67344371,2.079441542,0,1,0,1.9,0.7,44,0.00383,1,0,1,1,1,0
1,NA,1.945910149,0,0,1,2.9,NA,30,5.00E-04,1,1,1,1,1,0
1,NA,2.890371758,0,0,1,3.9,0.51,10,5.00E-04,1,1,1,1,1,2
1,19.11382792,#NAME?,0,0,1,1.6,0.65,30,1.00E-04,1,1,0,1,0,0
0,4.709530201,2.48490665,1,0,0,2.4,0.86,41,7.00E-04,1,0,1,1,1,0
1,5.891644212,2.890371758,0,0,1,4.1,0.4,28,0.000154,1,1,1,1,1,3
0,18.42068074,1.791759469,0,0,1,1.9,0.1,120,0.00028,NA,0,1,1,0,0
1,NA,3.465735903,0,0,1,3.4,NA,72,0.0014,1,1,1,1,1,0
1,19.11382792,3.091042453,0,0,1,4.6,0.4,9,0.000112,1,1,1,1,1,2
1,19.92475814,2.833213344,0,0,1,3,0.79,60,0.00035,NA,1,1,1,1,2
1,21.12873095,2.708050201,0,0,1,4.8,0.38,91,3.00E-05,1,1,1,1,1,3
0,18.42068074,1.791759469,0,0,1,2.3,NA,31,0.0013,NA,0,1,1,1,0
1,15.8949521,2.63905733,0,0,1,3.3,1,65,7.00E-05,1,1,1,1,1,0
1,20.12542884,2.772588722,0,0,1,3.3,0.55,14,0.00028,NA,1,1,1,1,2
1,16.3412392,2.397895273,0,0,1,3.1,NA,48,0.01,NA,0,1,1,1,3
1,20.76248655,3.135494216,0,0,1,3,0.8,27,4.00E-05,1,1,1,1,0,0
0,17.03438638,2.079441542,0,0,1,2.8,NA,14,0.00042,NA,1,1,1,0,0
1,NA,2.944438979,0,0,1,1.4,NA,60,0.000672,0,0,0,0,0,0
1,17.08887457,1.791759469,1,0,0,3.4,0.88,25,0.0014,1,0,1,1,0,1
0,#NAME?,1.609437912,0,0,1,3.3,NA,28,NA,1,0,0,1,1,2
0,17.3990295,0.693147181,1,0,0,2.1,0.85,137,0.00035,NA,0,1,1,1,0
1,18.0640058,#NAME?,0,1,0,1.8,NA,28,NA,1,0,1,0,0,2
0,19.33896948,2.397895273,1,0,0,2.4,0.57,29,3.50E-05,1,0,1,1,0,0
1,16.04013411,2.890371758,0,0,1,4.4,0.55,59,0.0014,1,1,1,1,1,0
0,#NAME?,3.17805383,1,0,0,3.3,0.5,51,0.000392,0,1,1,1,1,3
0,#NAME?,2.564949357,0,0,1,1.6,0.7,44,0.00125,1,0,0,0,0,0
1,16.52356076,2.708050201,0,0,1,3.6,0.75,43,0.000154,1,0,1,1,1,0
1,NA,2.302585093,0,0,1,3.8,NA,0,0.00286,1,0,1,1,1,3
0,15.76142071,1.098612289,0,0,1,2,NA,30,0.003,NA,0,1,1,1,0
1,NA,2.772588722,1,0,0,2.8,NA,46,0.002,NA,0,0,1,1,0
0,17.21670794,1.791759469,0,0,1,2.7,0.75,20,NA,1,0,0,1,0,0
0,13.12236338,2.197224577,0,0,1,2.4,0.05,29,0.001,1,1,1,1,1,0
1,NA,1.791759469,0,0,1,1.9,0.46,140,1.40E-05,NA,1,1,1,0,0
1,NA,2.079441542,0,0,1,3.8,NA,62,1.01E-05,1,1,1,1,1,0
1,17.72753356,1.945910149,0,1,0,3.1,NA,101,0.0014,1,0,0,1,1,0
0,#NAME?,#NAME?,1,0,0,1.6,NA,24,0.00123,NA,0,0,1,1,0
0,#NAME?,#NAME?,0,0,1,1,NA,28,0.0014,NA,0,0,1,1,0
1,19.11382792,2.397895273,0,0,1,3.1,NA,14,NA,1,0,0,1,0,0
0,16.95100477,1.791759469,1,0,0,1.5,NA,28,0.00029,1,0,1,0,0,0
1,1.945910149,2.772588722,0,0,1,3.3,0.7,52,0.0098,1,0,1,1,1,0
0,25.32843602,2.890371758,1,0,0,4,0.25,67,NA,NA,0,1,1,1,0
0,18.89068437,1.945910149,1,0,0,3,0.8,58,9.00E-04,1,0,1,1,0,0
1,18.03501826,2.944438979,0,0,1,4.1,0.68,15,2.00E-04,1,1,1,1,1,0
0,16.57660112,2.302585093,0,0,1,3.6,0.55,31,0.002,1,1,1,1,1,0
1,NA,2.302585093,0,0,1,2.6,0.75,27,5.18E-05,0,1,1,1,1,0
0,19.00846741,2.302585093,1,0,0,2.7,0.6,21,9.80E-05,1,NA,NA,NA,NA,NA
1,NA,1.386294361,0,1,0,3.3,0.51,28,0.002,1,0,1,1,1,0
1,17.43985149,2.63905733,0,0,1,3,0.75,27,0.00105,1,1,1,1,0,0
0,#NAME?,2.63905733,1,0,0,4,0.51,31,0.00476,1,0,0,1,1,3
0,17.90985512,2.197224577,0,0,1,3.5,0.5,30,3.00E-04,1,1,1,1,1,0
0,#NAME?,1.945910149,0,0,1,2.4,NA,28,0.00049,1,1,1,1,1,0
1,21.63955657,2.48490665,1,0,0,3.5,0.5,28,1.40E-05,1,0,0,1,0,2
1,19.11382792,1.609437912,0,0,1,4,0.65,105,0.0014,1,1,1,1,1,0
1,NA,2.708050201,0,0,1,3.1,NA,59,NA,NA,0,0,1,1,3
1,NA,1.386294361,1,0,0,1.4,NA,30,NA,NA,0,0,1,0,0
0,24.03745184,3.044522438,0,0,1,3.3,0.28,14,1.68E-06,0,0,1,1,1,3
1,NA,2.079441542,0,0,1,3.6,NA,30,0.000435,1,0,1,1,1,0
1,17.90985512,2.772588722,0,0,1,3.9,0.6,41,7.00E-04,1,0,0,1,1,1
1,16.52356076,2.708050201,0,0,1,3.5,0.75,30,0.0028,1,1,1,1,1,0
0,19.51929303,2.564949357,0,0,1,2.3,NA,14,0.00015,1,1,1,1,1,0
0,4.49980967,1.945910149,0,0,1,2,0.9,87,7.00E-04,1,1,1,1,1,0
1,17.72753356,3.258096538,0,0,1,3.6,NA,28,0.00014,1,0,1,1,1,0
1,19.51929303,2.564949357,0,0,1,3.7,0.89,31,1.00E-04,NA,0,1,1,1,0
0,#NAME?,2.833213344,0,0,1,3.1,NA,30,0.001,1,0,1,1,1,0
0,19.5680832,2.302585093,0,0,1,2.8,0.75,30,0.00014,NA,1,1,1,1,0
0,17.3990295,2.564949357,0,0,1,1.9,0.18,28,0.02,0,0,1,1,0,0
1,19.37619219,2.302585093,0,0,1,2.5,NA,40,0.00042,1,1,1,1,0,0
1,17.72753356,2.63905733,0,0,1,3.4,0.85,56,0.0014,NA,0,1,1,1,0
1,16.81124283,2.63905733,0,0,1,3.6,0.9,80,0.0028,1,1,1,1,1,3
0,18.0640058,1.945910149,1,0,0,2.4,0.7,30,9.00E-05,1,1,1,1,0,0
0,19.51929303,2.833213344,0,0,1,3.4,0.16,13,5.00E-05,1,0,1,1,1,0
0,1.098612289,#NAME?,0,0,1,1.8,0.3,62,4.55E-05,1,0,0,1,0,0
0,19.80697511,1.386294361,0,0,1,2.9,0.7,16,0.0022,1,0,0,1,1,0
1,19.29614948,2.63905733,0,0,1,3.3,0.4,31,1.75E-05,NA,0,1,1,1,3
1,18.82614585,2.995732274,0,1,0,2.3,NA,41,0.00056,1,0,0,1,1,0
0,#NAME?,1.945910149,1,0,0,3.4,0.85,30,0.00126,1,1,1,1,1,3
0,#NAME?,3.258096538,0,0,1,3.7,NA,28,0.00167,NA,0,1,1,1,3
0,17.72753356,2.079441542,0,0,1,2,NA,45,0.0014,1,1,1,1,0,0
1,21.82187813,2.944438979,0,0,1,3.8,0.3,58,0.00014,NA,1,1,1,1,0
0,19.29614948,2.48490665,0,0,1,2.5,NA,66,0.0014,1,NA,NA,NA,NA,NA
0,15.42494847,0.693147181,0,0,1,1.6,NA,30,0.00014,1,0,1,1,0,0
1,18.42068074,#NAME?,0,0,1,2.4,NA,31,NA,1,1,1,1,0,2
0,18.42068074,2.197224577,0,1,0,1.9,0.5,29,0.005,NA,0,0,0,1,0
1,16.81124283,2.397895273,0,0,1,2.8,0.6,55,0.0012,1,1,1,1,1,0
1,20.72326584,3.17805383,0,0,1,3.4,0.5,21,9.10E-05,1,NA,NA,NA,NA,NA
1,NA,2.079441542,0,0,1,2.9,NA,0,0.00233,NA,0,0,1,1,0
0,19.11382792,2.63905733,0,0,1,2.3,NA,58,0.00035,1,1,1,1,1,0
0,19.16261809,1.609437912,1,0,0,3.4,0.4,28,6.70E-05,1,1,1,1,1,0
1,15.42494847,3.044522438,0,0,1,4.1,0.42,31,0.01,1,0,1,1,1,0
1,6.396929655,1.791759469,0,0,1,1.6,NA,30,0.000167,NA,1,1,0,0,0
1,17.03438638,2.079441542,0,1,0,2.6,0.76,42,0.017,NA,1,1,1,0,0
0,19.07300593,2.833213344,0,0,1,2.8,0.66,35,0.0014,NA,1,1,1,1,0
1,20.36659089,2.833213344,0,1,0,2.4,0.5,32,0.000196,1,1,1,1,1,0
1,15.8949521,2.564949357,0,0,1,2.8,NA,30,7.00E-04,1,1,1,1,0,0
0,#NAME?,2.079441542,0,0,1,2.3,NA,28,7.00E-04,1,0,0,1,1,0
1,17.21670794,2.833213344,1,0,0,4.2,0.3,8,0.0028,1,0,1,1,1,2
1,NA,2.397895273,0,0,1,4,NA,5,1.41E-05,1,0,0,1,1,3
0,18.55170901,2.079441542,0,1,0,1.9,0.6,51,0.0028,0,0,0,1,0,0
0,19.11382792,2.397895273,0,0,1,2.4,0.75,45,0.0011,NA,0,0,1,1,0
1,NA,1.945910149,0,0,1,3.4,NA,2,NA,NA,0,0,1,1,2
1,14.22097633,2.197224577,0,0,1,3.6,0.5,71,0.1,1,1,1,1,1,0
1,16.11809565,3.218875825,0,1,0,4.1,0.7,89,0.0028,1,1,1,1,1,0
1,NA,2.48490665,0,0,1,3.1,NA,0,NA,NA,0,0,1,1,3
0,#NAME?,1.609437912,0,0,1,2.2,NA,25,NA,NA,1,1,1,1,0
1,17.90985512,1.945910149,1,0,0,3.4,0.5,91,7.00E-04,1,1,1,1,1,0
1,NA,2.302585093,0,0,1,2.7,0.88,66,0.0014,1,0,1,1,1,0
0,16.11809565,#NAME?,0,0,1,1.4,0.48,39,0.002117,NA,0,0,1,1,0
0,#NAME?,1.386294361,0,0,1,2,NA,31,0.001,1,0,0,1,1,0
1,NA,3.218875825,0,0,1,4.1,NA,18,0.00033,1,1,1,1,1,2
1,NA,2.564949357,0,0,1,3,NA,32,NA,1,0,1,1,1,0
1,17.21670794,1.945910149,0,0,1,3.8,0.5,35,0.0016,1,0,1,1,1,2
0,19.29614948,2.197224577,0,0,1,3,0.55,31,7.00E-05,1,NA,NA,NA,NA,NA
0,17.15841688,3.583518938,0,0,1,3.4,0.88,59,0.0007769,1,1,1,1,0,0
1,NA,3.17805383,0,0,1,3.3,NA,25,7.00E-04,NA,0,0,1,0,2
1,NA,1.098612289,1,0,0,1.2,NA,35,0.01,1,1,1,0,0,0
0,16.92902587,1.791759469,0,0,1,1.6,0.75,30,0.001,1,1,0,1,0,0
1,20.00991595,2.302585093,0,0,1,3,0.49,28,1.00E-04,1,0,1,1,1,0
0,16.01273514,1.609437912,0,0,1,2.4,0.9,30,7.00E-04,NA,0,1,1,0,0
1,17.90985512,2.302585093,0,0,1,3.5,0.6,23,0.0018,NA,0,0,1,1,0
1,20.03011866,3.433987204,0,0,1,4.1,0.6,18,9.10E-05,1,0,1,1,1,0
1,17.90985512,3.555348061,0,0,1,4.1,NA,31,0.0014,1,1,1,1,1,0
1,18.68304501,2.079441542,0,0,1,3.5,0.65,41,0.00025,1,1,1,1,1,0
1,NA,2.197224577,0,0,1,3.5,NA,38,NA,1,0,1,1,1,2
1,NA,2.302585093,0,1,0,3.9,0.55,28,0.001,NA,1,1,1,0,3
1,18.42068074,1.791759469,1,0,0,3,NA,3,NA,NA,0,0,1,1,2
1,19.80697511,2.708050201,0,0,1,3.1,NA,31,0.00014,NA,0,1,1,1,1
0,16.52356076,#NAME?,0,0,1,2.5,0.7,50,0.00105,1,0,0,1,1,0
0,#NAME?,2.079441542,0,0,1,2.6,0.55,47,0.00014,1,0,0,1,0,3
1,18.27449823,2.397895273,0,1,0,3.9,0.72,60,0.0005264,1,1,1,1,1,0
0,19.98929666,2.63905733,0,0,1,3.6,0.6,30,7.00E-05,NA,1,1,1,1,2
1,17.50439001,2.944438979,0,1,0,4.3,NA,63,NA,1,1,1,1,1,3
0,20.21244021,3.526360525,0,0,1,2.5,0.06,48,0.00112,0,1,1,1,1,0
1,17.72753356,2.397895273,0,0,1,3.5,0.83,107,0.0025,1,0,1,1,1,0
1,16.860033,1.791759469,0,0,1,2.7,0.5,35,0.00014,NA,0,1,1,1,0
0,17.09340972,2.197224577,1,0,0,2.5,0.78,32,7.00E-04,1,1,1,1,0,0
0,#NAME?,1.386294361,0,0,1,1.6,NA,20,NA,NA,0,0,1,0,0
0,19.80697511,2.079441542,1,0,0,3.6,NA,28,NA,NA,0,0,1,1,0
1,NA,2.079441542,1,0,0,2.8,0.99,60,NA,1,1,1,1,1,0
1,18.56044269,2.833213344,0,0,1,3.4,0.5,19,6.57E-05,NA,0,1,1,1,0
1,NA,2.302585093,0,0,1,2.4,NA,21,0.001,NA,0,0,1,1,0
1,19.09135407,2.197224577,0,1,0,4,0.65,91,2.00E-04,NA,0,1,1,1,1
0,18.42068074,0,0,0,1,2.3,NA,92,0.00033,NA,0,0,0,0,0
1,20.7132155,2.564949357,0,0,1,4,0.33,7,0.000142,1,1,1,1,1,3
0,#NAME?,2.302585093,0,0,1,2.5,NA,72,6.70E-05,1,0,0,1,1,0
1,12.10071213,1.945910149,1,0,0,2.7,NA,54,0.14,1,1,1,1,1,0
1,17.03438638,1.386294361,0,0,1,2.6,0.9,37,0.0014,1,1,0,1,1,0
0,20.39476177,3.044522438,0,0,1,3.4,0.6,30,0.00014,1,0,1,1,1,0
0,14.91412285,0,0,0,1,1.5,0.6,8,0.0012,0,0,0,1,1,3
0,22.37882368,3.044522438,0,0,1,3.1,0.55,30,6.20E-07,1,0,1,1,1,3
0,#NAME?,2.079441542,0,0,1,1.6,0.7,49,2.00E-04,1,NA,NA,NA,NA,NA
0,#NAME?,1.386294361,0,0,1,1.5,NA,45,0.000112,NA,0,0,1,1,0
1,NA,2.944438979,0,0,1,3.3,0.7,11,0.00049,NA,1,1,1,0,2
0,#NAME?,1.609437912,0,0,1,2.6,0.65,21,0.001,NA,1,1,1,0,0
0,17.72753356,2.63905733,1,0,0,2.5,0.5,-61,0.001,1,0,0,1,0,0
0,14.91412285,1.791759469,0,0,1,1.4,NA,30,0.00154,NA,1,1,0,0,0
1,17.90985512,2.995732274,0,0,1,4,0.6,42,0.00166,1,1,1,1,1,3
1,19.6197415,2.48490665,0,0,1,3.6,0.94,30,2.80E-05,NA,1,1,1,1,0
0,#NAME?,1.945910149,0,0,1,3.5,0.6,50,0.001,1,0,0,1,1,0
0,17.98989783,1.098612289,0,0,1,2,0.65,31,0.000231,NA,0,0,1,0,0
0,#NAME?,1.791759469,0,0,1,2.4,NA,47,0.0012,1,0,1,1,0,0
1,18.42068074,2.197224577,0,0,1,3.4,NA,29,0.0018,NA,0,0,1,1,3
1,24.46093546,3.044522438,0,0,1,4,0.34,31,0.045,1,0,1,1,1,3
0,19.67344371,2.079441542,0,0,1,2.6,0.7,44,4.20E-05,1,0,1,1,0,0
1,10.81977828,#NAME?,0,1,0,1.4,NA,82,0.05,1,0,1,1,0,0
0,22.1095602,1.098612289,0,1,0,2.3,0.73,59,1.40E-05,1,1,1,1,0,0
1,NA,#NAME?,0,0,1,1.1,NA,30,0.02,NA,0,0,0,1,0
0,19.68819157,2.564949357,0,0,1,2.5,0.4,44,0.00048,1,1,1,1,0,0
0,#NAME?,1.098612289,0,0,1,1.8,NA,60,NA,NA,1,0,1,1,0
1,19.67344371,2.708050201,0,0,1,4.1,0.35,31,0.00014,NA,1,1,1,1,2
0,18.82614585,2.890371758,1,0,0,3,0.6,42,0.00033,1,0,1,1,0,0
1,30.27007845,1.098612289,0,0,1,3,NA,15,NA,1,1,1,1,0,3
1,18.42068074,2.63905733,0,0,1,3.4,NA,49,NA,NA,0,0,1,1,0
1,NA,3.218875825,0,0,1,3.5,0.66,31,1.40E-05,1,0,1,1,0,2
0,16.55635058,#NAME?,1,0,0,1.9,0.5,56,0.00035,0,0,0,1,1,0
0,16.70588232,2.079441542,1,0,0,4.3,0.25,70,0.0014,1,1,1,1,1,0
1,NA,2.564949357,0,0,1,3.8,0.85,31,5.00E-04,1,1,1,1,1,3
0,#NAME?,1.791759469,1,0,0,2.3,0.6,28,0.001,1,0,0,1,0,0
1,18.75715298,2.890371758,0,0,1,3.1,0.7,35,0.000336,1,0,1,1,1,0
1,21.01593545,1.609437912,0,0,1,2.4,0.67,47,0.00013,NA,0,1,1,0,0
1,15.78959158,2.890371758,0,0,1,3.5,0.72,46,0.0067,1,0,1,1,1,3
0,#NAME?,1.791759469,0,0,1,2.1,0.4,60,NA,1,0,0,1,0,0
0,16.11809565,2.079441542,0,0,1,2.1,0.5,56,0.001,1,0,1,1,0,0
1,17.72753356,2.302585093,0,0,1,3.5,0.4,30,0.002,1,0,1,1,1,1
0,16.71693215,2.564949357,0,0,1,2.5,0.91,31,0.0035,NA,1,1,1,0,0
1,18.44537336,2.302585093,0,0,1,2.8,0.82,45,4.00E-04,1,1,1,1,1,0
1,18.42068074,2.302585093,0,0,1,3.7,0.4,62,0.00135,1,0,0,1,1,0
1,18.47894965,1.791759469,0,0,1,3.2,0.66,8,0.0011,1,0,1,1,1,0
1,17.50439001,3.401197382,0,1,0,4,0.4,60,0.0014,1,1,1,1,1,3
1,16.81124283,2.079441542,0,0,1,4,0.8,30,0.0014,1,0,0,1,1,3
0,6.214608098,1.386294361,0,1,0,2.1,0.5,31,NA,1,0,1,1,1,0
1,21.55951386,2.708050201,0,0,1,4,0.65,0,3.30E-05,1,1,1,1,1,3
1,21.12873095,2.890371758,0,0,1,4.7,0.5,19,7.70E-05,1,1,1,1,1,1
1,NA,1.098612289,0,0,1,2.3,NA,31,NA,NA,0,0,1,1,0
1,NA,#NAME?,0,0,1,2,NA,31,NA,NA,0,0,1,0,1
0,10.1265911,2.302585093,0,0,1,2.3,NA,86,NA,1,0,0,1,1,0
0,18.51599092,2.197224577,0,0,1,2.5,0.55,60,7.00E-04,1,1,1,1,1,0
1,18.6438243,2.302585093,0,0,1,3.5,NA,15,NA,1,0,1,1,1,3
1,20.72326584,2.197224577,0,0,1,1.8,NA,31,NA,NA,0,0,1,1,0
1,NA,2.397895273,0,0,1,2.3,NA,29,0.03223057,NA,0,0,1,0,2
0,19.80697511,2.708050201,0,0,1,3.4,0.25,43,1.00E-04,1,1,1,1,1,1
0,#NAME?,2.079441542,0,0,1,2.1,NA,35,0.00014,1,1,1,1,0,0
0,#NAME?,2.708050201,1,0,0,3.1,0.4,36,3.00E-04,1,0,1,1,1,0
0,#NAME?,#NAME?,0,0,1,1.6,0.51,-7,0.00017,1,0,0,1,0,0
0,#NAME?,2.397895273,0,0,1,3,NA,19,0.00014,1,1,1,1,1,0
1,17.62217305,1.609437912,0,0,1,2.8,NA,90,0.0028,1,1,1,1,1,0
0,17.50439001,2.302585093,0,0,1,2.9,NA,28,0.00014,0,1,1,1,1,0
1,16.06431506,1.386294361,0,0,1,2.5,NA,31,0.004,NA,0,0,1,1,3
1,17.72753356,2.48490665,0,0,1,4.2,0.6,25,0.00014,NA,1,1,1,1,0
1,NA,1.945910149,1,0,0,2,0.8,40,0.0014,1,0,1,1,0,0
1,18.0640058,3.295836866,0,0,1,3.6,0.7,40,0.00049,1,1,1,1,1,3
0,17.21670794,2.772588722,1,0,0,3.7,0.2,16,NA,1,0,1,1,1,0
1,NA,2.944438979,0,0,1,2.3,0.9,26,0.00087,1,1,1,1,1,0
0,16.02378497,#NAME?,0,0,1,1.3,0.4,32,0.000966,0,0,0,1,0,0
1,19.51929303,3.401197382,0,0,1,3.6,0.5,47,0.00014,1,1,1,1,1,0
0,18.68304501,2.397895273,0,0,1,2.8,0.6,29,2.00E-04,1,0,0,1,0,0
1,19.92475814,3.970291914,0,0,1,4.1,0.35,4,0.000133,1,1,1,1,1,0
1,NA,1.609437912,0,0,1,2.9,NA,33,0.0014,1,1,0,1,1,0
1,23.54464472,2.564949357,0,1,0,3.8,0.84,59,0,NA,1,1,1,1,0
1,NA,2.48490665,0,1,0,3.2,NA,21,0.00182,1,0,0,1,1,0
1,NA,#NAME?,0,0,1,2.2,NA,30,NA,NA,1,0,1,1,0
1,18.42068074,2.302585093,0,0,1,4.1,0.5,21,1.00E-04,1,0,0,1,1,3
1,NA,#NAME?,0,0,1,2.1,NA,30,NA,NA,0,0,1,0,3
1,16.81124283,3.091042453,0,0,1,2.6,0.5,15,0.007,1,0,0,1,1,0
1,17.11134742,2.397895273,0,0,1,3,0.82,77,8.00E-04,NA,1,1,1,1,0
1,NA,3.36729583,0,0,1,2.9,0.6,42,0.0001701,1,0,0,1,0,0
1,16.99356439,2.833213344,0,0,1,3.8,0.4,30,0.001386,NA,0,0,1,1,3
0,#NAME?,1.098612289,0,1,0,1.5,0.8,30,0.001,1,0,1,0,0,0
0,19.11382792,1.609437912,0,0,1,1.6,0.44,196,0.00035,NA,1,1,0,0,0
0,18.82614585,2.397895273,0,0,1,2.5,0.5,30,0.00025,1,1,1,1,1,0
0,15.60727003,#NAME?,0,0,1,2.1,0.75,34,7.00E-04,1,0,0,1,0,0
0,18.28141868,#NAME?,0,0,1,1.8,0.29,28,7.90E-05,1,0,1,1,1,0
0,#NAME?,1.791759469,0,0,1,2.4,0.42,71,0.00039,1,1,1,1,1,0
1,18.19753719,2.48490665,0,0,1,3,0.77,15,0.00084,1,1,1,1,1,0
1,NA,1.791759469,0,0,1,3.2,0.51,30,0.0045,1,1,1,1,0,0
0,17.72753356,2.397895273,0,0,1,3.5,0.88,21,0.0033,NA,0,0,1,1,0
1,22.51502531,4.204692619,0,0,1,3.5,0.33,0,2.10E-05,1,1,1,1,1,0
1,19.37619219,2.890371758,0,0,1,3.9,0.4,30,9.80E-05,0,1,1,1,1,3
1,19.29614948,2.079441542,0,0,1,3.2,NA,17,1.00E-04,NA,0,1,1,1,0
0,17.72815337,2.890371758,0,0,1,3.9,0.6,21,NA,1,1,1,1,1,1
0,19.0492894,2.079441542,0,0,1,2.5,0.75,70,0.00014,1,1,1,1,0,0
0,#NAME?,0.693147181,0,1,0,2.1,0.49,54,0.0025,1,1,1,1,0,0
1,NA,3.135494216,0,0,1,4,1,30,1.40E-05,1,0,1,1,0,0
1,18.24632736,1.791759469,1,0,0,2,0.84,35,0.00035,1,1,1,1,0,0
1,17.17143159,2.890371758,0,0,1,3.3,0.35,9,0.0025,1,0,1,1,0,3
1,NA,2.302585093,1,0,0,3.2,0.5,31,NA,1,0,0,1,0,2
0,#NAME?,2.302585093,0,0,1,2.9,0.8,46,0.0235,1,1,1,1,1,0
1,NA,1.386294361,0,0,1,3.3,0.29,34,0.00553,1,1,0,1,1,0
1,NA,2.833213344,1,0,0,3.5,0.35,6,NA,1,0,1,1,1,0
0,11.15625052,1.609437912,0,0,1,1.9,NA,31,0.025,1,0,1,0,0,0
1,18.13299867,2.197224577,1,0,0,3.3,0.5,0,NA,1,0,1,1,0,3
0,19.45030016,1.098612289,0,0,1,2.4,0.7,14,0.00087,1,0,0,1,0,0
1,18.42068074,3.044522438,1,0,0,4.7,0.33,7,0.00378,1,0,0,1,1,0
1,5.991464547,1.945910149,0,0,1,2.6,0.6,46,0.1568,1,1,1,1,0,0
1,15.62379933,#NAME?,0,0,1,2.6,0.17,30,0.00084,NA,0,0,1,1,0
1,NA,2.995732274,0,0,1,3.8,0.4,40,1.00E-04,1,1,1,1,1,2
0,20.16114692,2.302585093,1,0,0,3.5,0.57,71,0.001,1,1,0,1,1,2
0,#NAME?,0.693147181,0,0,1,1.5,NA,30,0.05,1,0,1,1,0,0
1,5.703782475,3.688879454,0,0,1,4.5,0.6,23,0.00014,1,1,1,1,1,2
1,NA,1.791759469,0,0,1,2.3,NA,30,0.00784,NA,0,0,0,0,0
1,17.82284374,2.708050201,0,0,1,3.8,0.55,0,0.003,1,0,1,1,1,3
1,21.82187813,3.135494216,1,0,0,3.6,0.52,100,4.20E-05,1,1,1,1,0,3
1,15.60727003,1.945910149,0,1,0,3.1,0.6,0,0.0109,1,0,1,1,1,2
1,16.11809565,2.197224577,0,1,0,2.3,0.33,26,0.000112,1,1,1,1,1,0
1,19.16261809,3.044522438,0,0,1,4.8,0.7,14,1.00E-04,1,1,1,1,1,3
1,19.11881547,3.135494216,0,0,1,4,0.67,0,0.00014,1,1,1,1,1,0
0,14.50865774,#NAME?,0,0,1,1.1,NA,31,0.001,1,0,0,0,0,0
1,18.82614585,2.197224577,1,0,0,3.4,0.5,32,0.00098,1,0,1,1,1,0
1,20.72326584,#NAME?,0,0,1,1,NA,3,9.30E-05,NA,0,0,0,0,0
1,21.85466795,3.135494216,0,0,1,3.2,NA,50,0.00014,1,1,1,1,1,0
1,NA,2.995732274,1,0,0,3,0.5,29,NA,1,0,1,1,1,2
1,11.28978191,0,0,0,1,1.3,NA,23,NA,NA,0,0,0,1,0
0,#NAME?,2.564949357,0,1,0,2.8,NA,29,1,1,1,1,1,1,0
1,19.95215711,2.48490665,0,0,1,1.5,0.74,18,1.00E-04,NA,0,0,0,0,0
1,NA,2.079441542,0,0,1,2.3,0.5,41,NA,1,0,0,1,1,0
1,15.67180855,0.693147181,0,1,0,2.4,0.8,61,0.001,1,0,1,1,1,0
1,17.62217305,2.890371758,0,0,1,2.6,0.44,60,0.0042,1,0,0,1,1,2
0,#NAME?,2.197224577,0,0,1,1.6,NA,21,NA,NA,0,1,1,0,0
0,17.37085862,1.609437912,0,0,1,1.4,NA,21,0.00014,1,0,0,1,0,0
1,19.11382792,#NAME?,0,0,1,2.9,0.57,89,0.00025,1,0,1,1,0,1
1,NA,1.609437912,1,0,0,2.5,NA,0,NA,NA,0,0,0,0,3
1,20.72326584,2.197224577,0,0,1,2.5,NA,113,7.00E-04,1,0,0,1,1,0
0,16.38045992,2.63905733,0,0,1,2.8,NA,31,0.004,1,0,1,1,1,0
0,20.03011866,2.63905733,0,1,0,2.7,0.5,150,0.00014,1,1,1,1,1,1
0,#NAME?,2.302585093,0,0,1,1.1,NA,151,0.00014,1,0,0,0,0,3
0,20.72326584,3.295836866,1,0,0,3.4,0.43,10,1.00E-04,1,1,1,1,1,0
1,NA,2.944438979,0,0,1,3.4,NA,31,0.001,1,1,1,1,1,3
1,19.41393252,2.197224577,0,0,1,2.9,0.54,20,NA,1,0,1,1,1,0
1,NA,3.401197382,0,0,1,4,0.93,28,0.0014,NA,0,1,1,1,0
0,18.31532023,1.791759469,0,0,1,2.3,0.9,41,0.000125,1,0,1,1,0,0
0,17.66352823,3.496507561,0,0,1,2.6,0.1,88,0.001554,1,1,1,1,1,0
0,18.56044269,2.197224577,1,0,0,3.6,0.95,29,0.0014,1,1,1,1,1,0
0,25.04075395,1.791759469,0,0,1,1.6,0.75,30,0.001,1,1,1,0,0,0
1,NA,2.708050201,0,0,1,2.6,NA,50,0.00344828,NA,1,1,1,1,3
0,#NAME?,2.397895273,0,0,1,2.4,0.55,22,7.00E-04,1,0,0,1,0,0
1,NA,2.833213344,0,0,1,2.8,0.65,20,0.00019,1,0,0,1,1,0
1,17.03438638,1.791759469,0,0,1,2.5,0.5,59,2.00E-04,1,1,1,1,1,2
0,#NAME?,0.693147181,1,0,0,3,0.8,30,NA,1,1,1,1,1,0
1,NA,2.302585093,0,0,1,3.3,NA,21,0.00067,1,1,1,1,0,2
1,NA,2.995732274,0,0,1,2.7,NA,181,0.0014,NA,0,1,0,0,0
0,#NAME?,1.386294361,0,0,1,1.5,0.92,31,0.0021,NA,0,0,1,0,0
0,19.41393252,2.197224577,0,0,1,2.9,0.6,30,0.00014,1,0,0,1,1,2
1,NA,2.772588722,0,0,1,3.7,NA,13,2.00E-04,NA,1,1,1,1,3
1,18.68304501,2.63905733,0,0,1,2.7,0.65,34,0.000125,1,1,1,1,1,0
1,NA,0.693147181,1,0,0,3.6,NA,1,0.00014,NA,0,1,1,0,2
1,20.03011866,3.17805383,0,0,1,2.8,0.5,29,1.00E-04,1,0,1,1,1,3
1,18.0051653,2.397895273,0,0,1,3.9,0.66,2,0.00025,1,1,1,1,1,2
0,16.16211254,1.609437912,1,0,0,2.1,0.83,80,3.00E-05,1,0,1,1,0,0
1,NA,1.386294361,0,1,0,1.1,NA,29,NA,NA,0,0,0,0,0
1,NA,1.945910149,0,1,0,2,NA,2,NA,NA,0,0,1,1,0
1,14.96924215,1.386294361,0,0,1,2.5,NA,30,0.00182,NA,0,0,1,1,0
1,0,2.995732274,0,0,1,3.3,0.12,16,4.00E-05,NA,0,0,1,1,2
1,NA,1.098612289,0,0,1,3,0.7,61,0.001,1,1,0,1,1,0
0,#NAME?,2.079441542,0,0,1,1.7,NA,31,0.00083,1,1,1,0,0,0
0,#NAME?,2.944438979,1,0,0,2.1,NA,61,0.00084,1,0,1,1,0,0
1,18.42068074,2.833213344,0,0,1,3,0.1,37,5.00E-04,0,1,1,1,1,0
1,17.21670794,3.258096538,0,0,1,3.7,NA,29,0.0021,1,1,1,1,1,2
1,15.95557672,1.609437912,0,1,0,2.4,0.85,30,0.035,NA,0,0,1,0,0
0,18.42068074,1.386294361,1,0,0,2.4,0.35,95,0.001,1,1,1,1,0,3
0,20.94656938,2.48490665,0,0,1,3.4,NA,31,5.00E-05,1,0,1,1,1,0
0,3.912023005,0,0,0,1,3.6,0.5,30,8.00E-04,1,1,1,1,1,0
1,36.1011227,2.302585093,1,0,0,2.4,NA,18,2.00E-04,NA,0,1,1,1,0
0,15.20180492,1.098612289,1,0,0,1.9,0.8,59,0.014,NA,1,1,1,1,0
1,NA,2.564949357,0,1,0,3.3,NA,83,5.00E-04,1,0,1,1,1,0
0,16.11809565,2.302585093,0,0,1,3.8,0.7,24,4.00E-04,NA,1,1,1,1,3
0,17.09642177,2.995732274,0,0,1,3.3,0.76,77,0.0014,1,1,1,1,0,0
1,18.42068074,0.693147181,0,0,1,1.5,NA,14,NA,NA,0,0,1,0,0
1,19.80697511,2.944438979,0,0,1,3.8,0.4,28,7.00E-05,1,0,0,1,1,3
1,17.90985512,2.708050201,0,0,1,3.6,0.6,30,0.004,1,0,1,1,1,3
0,17.50439001,2.302585093,1,0,0,2.9,0.2,14,0.0167,1,0,0,1,0,0
0,17.50439001,2.197224577,0,0,1,3,0.67,30,0.002,1,0,0,1,0,0
1,20.12542884,2.833213344,0,0,1,3.5,0.55,71,2.80E-05,1,1,1,1,1,3
0,17.4661688,#NAME?,0,0,1,1.6,0.55,16,0.001,1,0,1,1,0,0
0,3.295836866,2.63905733,0,0,1,2.6,0.6,46,0.00126,1,0,0,1,1,0
1,19.43228166,2.708050201,0,0,1,3.3,0.75,7,2.00E-04,1,1,1,1,1,3
1,17.72753356,2.708050201,0,0,1,3.4,NA,58,0.0014,1,0,1,1,1,0
0,16.40327459,0.693147181,0,0,1,2,0.7,31,0.0022,NA,1,0,1,0,0
0,20.66139043,1.945910149,0,0,1,2.5,0.94,41,2.00E-05,1,1,1,1,1,0
1,6.551080335,3.258096538,0,0,1,1.9,0.7,30,1.00E-04,1,0,0,1,1,0
0,#NAME?,2.772588722,0,0,1,3.8,NA,47,0.0014,1,0,1,1,1,0
1,17.34187108,2.995732274,0,0,1,3.3,0.34,9,0.000154,1,0,1,1,1,2
1,20.29248292,2.397895273,0,0,1,2.5,1,100,0.00093,NA,0,0,1,1,0
1,19.56541063,2.708050201,1,0,0,2.3,NA,29,NA,NA,0,1,1,1,0
0,22.33270375,2.48490665,0,1,0,2.8,NA,13,NA,1,0,1,1,1,1
0,#NAME?,#NAME?,0,0,1,1.8,0.75,46,0.00105,1,1,1,1,1,0
0,#NAME?,1.098612289,0,0,1,2.1,NA,90,1.40E-05,NA,0,0,1,0,0
0,16.58809928,1.945910149,0,0,1,2.5,0.8,41,0.001,1,0,1,1,0,0
1,19.92475814,3.044522438,0,0,1,3.8,NA,7,0.0033,1,1,1,1,1,2
0,16.11809565,2.772588722,0,0,1,2.7,NA,45,7.00E-04,NA,0,1,1,1,0
1,20.59543247,2.772588722,1,0,0,2.3,NA,15,0.00021,NA,0,0,1,1,3
0,15.76142071,1.386294361,0,0,1,2.5,0.7,27,0.001,1,0,0,1,1,0
0,18.98599455,1.791759469,0,0,1,2.9,0.35,62,7.00E-04,1,NA,NA,NA,NA,NA
0,#NAME?,2.197224577,0,0,1,2.2,NA,31,0.0014,1,0,0,1,0,0
0,#NAME?,1.791759469,0,0,1,1.3,NA,28,NA,1,0,0,0,0,0
1,NA,3.135494216,0,0,1,3.3,NA,35,NA,1,0,1,1,1,1
1,15.71263044,0,0,0,1,1.2,NA,29,NA,1,0,0,0,1,0
1,NA,2.708050201,0,0,1,3.4,NA,75,0.00083,1,1,1,1,1,0
1,18.78532386,2.833213344,0,0,1,2.9,0.65,72,0.00028,1,0,1,1,1,3
0,19.11382792,2.63905733,1,0,0,3.2,0.85,93,0.00091,1,0,1,1,1,0
1,13.98189834,2.833213344,0,0,1,3.4,0.5,29,0.088,NA,0,0,1,1,0
0,20.88240406,2.890371758,0,0,1,3.3,0.7,25,5.00E-04,1,1,1,1,1,0
1,20.03011866,1.609437912,0,0,1,3.9,0.5,39,0.00025,1,0,0,1,1,3
1,18.0640058,2.63905733,1,0,0,3.1,NA,31,NA,NA,0,1,1,1,2
1,20.72326584,2.944438979,1,0,0,3.2,0.5,0,0.00014,NA,0,1,1,1,0
1,16.11809565,2.944438979,0,0,1,2.9,NA,44,0.0067,1,1,1,1,1,1
0,19.16261809,2.302585093,0,0,1,3.1,0.7,30,5.00E-04,1,1,1,1,1,0
1,15.8949521,1.386294361,0,0,1,1.9,NA,61,NA,NA,0,1,1,1,0
0,18.42068074,2.197224577,0,0,1,2.7,0.7,31,7.00E-05,NA,1,1,1,1,0
0,19.86759973,1.609437912,0,0,1,2.4,0.85,17,0.000105,1,0,1,1,0,0
0,20.14344734,1.609437912,0,0,1,2.4,0.7,60,0.00033,NA,1,1,1,0,0
1,22.51502531,#NAME?,1,0,0,1.4,0.29,31,7.00E-05,NA,0,0,1,0,0
0,19.33697148,3.17805383,1,0,0,2.8,0.25,26,0.00021,1,0,1,1,1,0
1,NA,2.708050201,0,0,1,3.6,NA,62,1.00E-05,NA,1,1,1,0,0
1,18.62280493,3.091042453,0,0,1,3,0.72,77,0.00042,NA,0,0,1,1,0
0,20.03011866,2.397895273,0,0,1,1.8,0.5,45,NA,NA,0,1,1,1,0
1,NA,#NAME?,0,0,1,2,NA,122,NA,1,0,0,1,0,0
1,NA,1.386294361,0,1,0,3.1,0.56,79,0.0014,NA,1,0,1,1,1
1,NA,1.945910149,1,0,0,3,NA,92,0.0518,NA,0,0,1,1,3
1,20.50012229,2.772588722,0,0,1,3.5,NA,109,0.0462,NA,0,1,1,1,0
1,NA,2.302585093,0,0,1,2.7,NA,29,NA,NA,1,0,1,1,0
0,#NAME?,1.098612289,0,0,1,1.5,NA,34,0.0014,NA,0,0,1,0,0
0,#NAME?,1.098612289,0,1,0,1.5,0.9,21,0.00028,NA,0,0,1,0,0
1,17.72753356,2.397895273,0,0,1,2.8,0.83,30,0.0014,1,0,1,1,0,0
0,#NAME?,#NAME?,0,0,1,1.3,NA,21,0.0014,NA,0,1,1,0,0
1,19.51929303,2.63905733,0,0,1,3.9,0.09,46,0.00049,1,0,1,1,1,0
0,18.42064074,2.079441542,0,0,1,2.3,NA,29,0.00014,1,1,1,1,1,0
0,21.12873095,2.079441542,0,0,1,1.6,NA,81,1.54E-05,NA,1,0,1,0,0
1,16.38045992,1.386294361,0,0,1,2.5,NA,13,0.00077,1,0,1,1,0,0
1,15.40474576,2.079441542,0,0,1,2.3,0.49,60,0.0014,NA,0,1,1,0,0
0,19.39145966,2.397895273,0,0,1,3.3,0.6,30,0.00017,1,0,1,1,1,0
1,18.13299867,1.609437912,0,0,1,2.6,0.75,62,0.00089,1,0,0,1,1,0
1,18.6438243,2.944438979,0,0,1,2.9,0.5,70,0.00014,1,1,1,1,1,0
1,16.12804598,2.890371758,0,0,1,3.4,0.4,112,0.0168,1,1,1,1,1,0
1,19.00846741,3.526360525,0,0,1,4.2,NA,49,0.001,1,0,1,1,1,3
0,#NAME?,0.693147181,0,0,1,1.8,NA,30,NA,1,0,0,0,0,0
1,NA,2.397895273,1,0,0,3.2,0.25,14,0.0014,1,0,0,1,1,3
0,11.91839057,1.791759469,0,0,1,2.3,NA,28,0.0667,NA,0,1,1,0,0
1,NA,2.772588722,0,0,1,3.4,NA,92,2.60E-05,1,0,1,1,1,1
1,NA,3.17805383,0,0,1,3.5,0.51,98,0.00015,1,1,1,1,1,0
0,16.21340583,2.302585093,0,0,1,2.5,NA,60,0.0042,0,0,0,1,0,0
1,19.52924336,2.995732274,0,0,1,4.2,0.65,61,0.00025,1,1,1,1,1,0
1,16.45955543,2.197224577,0,0,1,2,0.67,73,0.0014,NA,1,1,1,0,0
0,18.3993436,#NAME?,0,0,1,1.4,0.15,54,0.0014,1,0,0,1,1,0
1,18.42068074,2.197224577,0,1,0,3.2,0.1,7,2.80E-05,1,1,1,1,1,0
1,17.76675428,3.091042453,0,0,1,3.6,0.52,31,NA,1,1,1,1,1,3
0,#NAME?,1.945910149,0,0,1,1.9,1,31,0.00714,1,1,1,1,0,0
1,21.14853357,2.890371758,0,0,1,3.4,NA,31,4.00E-05,NA,1,1,1,1,0
1,20.772056,2.63905733,1,0,0,4.2,NA,30,2.80E-05,1,1,1,1,1,1
1,18.0051653,3.17805383,0,0,1,4,0.43,27,0.001,NA,0,1,1,1,3
1,20.03011866,2.48490665,0,0,1,4.1,0.6,14,9.60E-05,1,1,1,1,1,0
1,18.68304501,2.772588722,0,1,0,4.1,0.55,21,0.00154,1,0,1,1,1,0
0,16.58809928,#NAME?,0,0,1,1.9,0.55,9,0.0014,0,0,0,1,1,0
0,19.1723916,1.791759469,0,0,1,2.6,0.65,30,5.50E-05,1,1,1,1,0,0
0,18.36938745,1.609437912,0,0,1,2.3,0.98,30,7.00E-05,1,0,1,1,1,0
0,20.03011866,2.63905733,0,0,1,3.1,0.25,30,1.42E-05,1,1,1,1,1,2
1,18.42068074,2.079441542,0,0,1,2.5,0.3,40,5.60E-05,1,0,0,1,0,0
1,NA,2.079441542,0,0,1,3,0.75,32,0.001,1,0,1,1,1,0
1,NA,1.098612289,0,0,1,1.8,NA,37,NA,NA,0,0,1,0,3
1,15.76142071,2.48490665,1,0,0,4.1,0.7,1,7.00E-04,1,1,1,1,1,0
1,18.41063041,2.397895273,0,0,1,3.4,0.6,51,0.0014,1,0,1,1,1,0
1,19.33697148,1.609437912,0,0,1,3.3,NA,30,4.00E-04,NA,1,1,1,1,3
0,#NAME?,2.995732274,1,0,0,3.7,0.27,101,0.014,1,1,1,1,1,0
0,5.298317367,2.944438979,0,0,1,2.1,0.8,123,5.00E-04,1,0,1,1,1,0
1,18.82614585,2.995732274,0,0,1,3.6,0.3,10,0.00062789,NA,0,1,1,1,0
1,18.42068074,1.386294361,0,0,1,2,0.5,7,0.000532,1,1,1,0,1,0
1,NA,2.63905733,1,0,0,2.8,NA,12,NA,NA,0,0,1,1,0
1,NA,2.63905733,0,0,1,2.3,0.75,82,5.60E-06,1,1,1,1,1,0
1,19.90455543,3.258096538,0,0,1,4.2,0.43,91,2.40E-05,1,1,1,1,1,3
0,17.95864528,2.397895273,0,0,1,2.3,NA,35,0.0208,1,0,0,1,1,0
1,19.65380073,2.63905733,0,0,1,3.7,0.69,33,3.50E-05,NA,0,1,1,1,2
1,17.90985512,2.197224577,0,0,1,4.3,0.6,30,3.00E-04,1,1,1,1,1,0
0,#NAME?,2.079441542,0,0,1,2,0.82,63,0.0014,NA,0,0,1,0,0
1,20.36659089,1.791759469,0,0,1,2.9,NA,31,1.40E-05,1,0,1,1,1,3
0,16.25182202,2.63905733,0,0,1,2.5,0.68,31,0.0014,0,1,1,1,1,0
0,20.09673834,2.833213344,0,0,1,2.9,601.25,31,0.000667,1,0,1,1,1,0
0,20.43558376,1.945910149,0,0,1,2.5,0.08,16,NA,NA,0,0,1,0,3
1,17.50439001,3.583518938,0,0,1,4.2,0.8,35,4.00E-04,NA,0,1,1,1,2
1,NA,2.302585093,1,0,0,1.4,NA,150,0.0014,NA,0,1,0,0,0
1,NA,2.397895273,0,0,1,2.9,0.4,0,7.00E-06,NA,0,0,1,0,3
0,18.1528013,#NAME?,0,0,1,1.6,0.85,58,9.00E-05,1,1,1,1,0,0
1,16.81124283,2.397895273,0,0,1,2.5,NA,30,0.014,NA,0,0,1,1,0
0,16.96407121,2.48490665,0,0,1,2.5,0.65,22,0.001,1,0,0,1,1,0
1,16.44017915,2.079441542,0,0,1,2.6,0.46,32,0.001,1,1,1,1,1,0
0,18.42068074,#NAME?,1,0,0,1.5,0.25,33,0.00028,NA,0,0,1,0,0
0,18.82614585,0,0,0,1,1.9,NA,61,2.00E-04,1,0,1,1,1,0
0,26.0215832,2.302585093,0,0,1,2.8,NA,60,7.00E-07,1,NA,NA,NA,NA,NA
0,6.551080335,2.48490665,0,0,1,2.7,NA,15,0.0021,1,NA,NA,NA,NA,NA
0,16.860033,0.693147181,1,0,0,2,0.4,62,0.001,1,0,1,1,1,0
0,#NAME?,2.197224577,0,0,1,2.3,NA,29,0.45,1,0,0,1,1,0
0,19.11382792,0,0,1,0,0.8,NA,30,NA,NA,0,0,0,1,0
1,19.29614948,2.564949357,0,1,0,3.3,0.8,145,0.000294,1,0,1,1,1,0
1,20.90558739,2.302585093,0,0,1,2,0.2,35,0.00014,NA,0,1,1,1,0
1,20.36587635,2.995732274,0,1,0,3.7,0.7,120,NA,1,1,1,1,1,0
0,22.35250638,1.609437912,0,0,1,2.3,NA,29,0.001,1,1,1,1,0,0
0,14.50865774,2.48490665,0,0,1,2.9,NA,30,0.014,1,0,1,1,1,0
0,#NAME?,2.197224577,0,0,1,2.2,0.77,26,0.0021,1,1,1,1,1,0
1,19.33697148,2.944438979,0,0,1,4,0.25,30,0.00025,1,1,1,1,1,0
0,17.37085862,#NAME?,0,0,1,3.2,0.7,32,0.001,1,1,1,0,1,0
1,14.91412285,2.772588722,0,0,1,4.4,0.3,45,0.0042,1,1,1,1,1,0
1,18.6438243,0.693147181,1,0,0,3.4,NA,14,5.00E-05,NA,0,1,1,1,1
0,16.33320703,#NAME?,0,0,1,1.6,0.56,12,0.00069,1,0,0,1,1,0
1,19.4644848,2.995732274,0,1,0,3.4,NA,71,0.001,1,0,1,1,1,2
1,NA,1.945910149,0,0,1,3.2,NA,14,NA,1,0,0,1,1,3
0,20.03011866,1.386294361,0,0,1,2.8,0.5,49,NA,1,0,1,1,1,0
1,17.90985512,1.791759469,0,0,1,2.8,0.6,14,NA,1,1,1,1,0,0
0,18.6030023,2.197224577,0,0,1,2.6,0.6,15,0.00014,1,1,1,1,1,0
0,17.14771507,2.772588722,0,0,1,3.5,0.8,35,0.00021,1,1,1,1,1,0
0,#NAME?,1.791759469,0,0,1,2.3,NA,42,0.001,NA,0,1,1,0,0
0,5.347107531,1.098612289,1,0,0,2.6,0.21,28,1.00E-04,1,1,1,1,0,0
1,19.00846741,2.995732274,1,0,0,2.9,0.5,36,0.00017,1,1,1,1,1,0
0,16.81124283,2.397895273,0,1,0,3.7,NA,30,1.00E-04,1,1,1,1,1,0
0,20.72326584,1.945910149,0,0,1,1.6,NA,32,NA,NA,0,0,0,1,0
1,16.66041994,2.708050201,0,1,0,3.3,0.69,36,0.0014,1,0,1,1,1,0
0,15.31958795,1.386294361,1,0,0,1,NA,49,NA,1,0,1,1,0,0
1,17.33003662,2.944438979,0,0,1,4,0.8,123,0.0014,1,1,1,1,1,0
1,20.43558376,2.63905733,0,1,0,4,0.75,31,0.00014,1,0,1,1,1,0
1,17.76675428,0,0,0,1,2.4,0.6,60,2.00E-04,1,0,1,1,1,0
1,17.37085862,3.135494216,0,0,1,4.3,NA,28,0.0014,1,1,1,1,1,0
1,NA,1.098612289,0,0,1,1.2,NA,0,0.000189,NA,0,1,0,0,0
0,17.98989783,1.945910149,0,1,0,3.1,0.65,31,0.000434,1,0,1,1,0,3
1,17.72753356,2.63905733,0,0,1,3.8,NA,120,0.00028,1,1,1,1,1,3
0,22.22734323,1.386294361,0,0,1,2.9,0.45,51,2.80E-06,1,1,1,1,0,0
1,17.11097698,2.833213344,0,0,1,2.8,NA,84,0.0014,NA,0,0,1,1,0
0,17.21670794,3.135494216,1,0,0,2.1,NA,29,0.0014,NA,0,0,1,0,0
1,NA,2.079441542,1,0,0,3.6,NA,14,NA,NA,1,1,1,1,2
1,NA,1.609437912,1,0,0,2.4,0.5,25,0.00118,NA,0,0,1,0,0
1,NA,1.945910149,1,0,0,1,NA,NA,NA,NA,0,0,1,0,3
1,20.03011866,2.197224577,0,0,1,3,0.5,1,4.20E-05,NA,1,1,1,1,0
0,#NAME?,2.708050201,0,0,1,2.3,NA,15,0.000525,1,1,1,1,1,0
1,23.02585093,2.890371758,0,0,1,3.5,NA,3,2.00E-05,1,0,1,1,1,0
1,NA,2.079441542,0,0,1,3,0.3,21,3.70E-05,1,1,1,1,1,0
1,16.21340583,2.564949357,1,0,0,4,NA,45,NA,NA,0,0,1,1,2
1,NA,2.079441542,0,0,1,2.5,0.4,30,NA,1,0,1,1,0,0
1,18.6030023,2.63905733,0,0,1,3.4,0.5,31,0.00021,NA,1,1,1,1,2
1,15.76142071,3.091042453,0,0,1,3.9,0.7,42,0.0031,1,1,1,1,1,3
1,20.72326584,1.791759469,0,0,1,2.5,0.6,27,4.90E-05,NA,NA,NA,NA,NA,NA
1,20.58339948,3.135494216,0,0,1,3.6,0.5,30,0.00024,NA,0,1,1,0,2
0,18.6030023,1.098612289,0,0,1,2.3,NA,31,NA,NA,1,1,1,1,0
0,18.6030023,2.197224577,0,0,1,2.3,0.8,70,0.00028,1,0,1,1,0,0
1,18.82614585,2.302585093,0,1,0,2.4,0.5,71,0.000442,1,1,1,1,0,0
0,12.61153775,1.098612289,0,0,1,2,1,29,0.01,1,0,1,1,1,0
0,19.80697511,2.302585093,1,0,0,2.5,NA,61,2.00E-04,1,0,1,1,1,0
0,17.03438638,#NAME?,0,0,1,1.4,NA,23,0.0021,1,0,0,1,1,0
1,19.11382792,2.63905733,0,0,1,3.8,NA,91,0.00125,NA,1,1,1,1,0
0,18.42068074,2.079441542,0,0,1,1.7,0.75,31,0.00042,NA,0,0,0,0,0
1,20.36659089,2.708050201,1,0,0,3.3,0.7,30,0.000142,NA,0,1,1,1,3
0,#NAME?,2.197224577,0,0,1,2.3,NA,222,8.00E-04,NA,1,1,1,1,0
0,#NAME?,#NAME?,0,0,1,2,NA,30,0.0014,1,1,1,1,0,0
0,14.73180129,1.945910149,0,0,1,1.8,NA,61,NA,1,0,1,1,0,0
1,NA,#NAME?,1,0,0,1.3,NA,10,0.0056,NA,0,0,0,1,0
1,18.13299867,2.995732274,0,0,1,4.1,0.5,55,4.00E-04,1,0,1,1,1,0
0,18.82614585,1.609437912,0,0,1,2.5,0.38,30,0.000217,1,0,1,1,0,1
0,#NAME?,2.079441542,0,0,1,2.4,NA,30,0.00067,1,0,0,1,1,0
0,20.18917159,2.48490665,0,0,1,2.8,NA,17,2.30E-05,1,0,0,1,1,0
0,17.56501463,1.609437912,0,0,1,2,0.85,NA,0.001,1,0,0,0,1,0
1,NA,2.944438979,0,0,1,2.6,0.4,60,1.00E-04,1,0,0,1,1,0
0,19.11382792,2.772588722,0,0,1,4.1,0.8,64,1.00E-04,1,1,1,1,1,0
1,NA,2.48490665,0,0,1,1.8,NA,8,NA,NA,0,0,1,1,0
0,1.386294361,1.609437912,0,0,1,2.5,0.8,28,2.00E-05,1,0,0,1,0,0
0,#NAME?,#NAME?,0,0,1,1.9,0.97,30,0.00014,1,1,1,1,0,0
1,13.45883561,1.609437912,0,0,1,2.9,NA,46,NA,NA,1,1,1,1,0
1,22.1794127,2.995732274,0,0,1,4,0.43,99,4.17E-06,1,1,1,1,1,0
1,19.58383155,2.772588722,0,0,1,4.1,0.8,21,0.00026,1,1,1,1,1,2
1,19.51929303,2.772588722,1,0,0,3.6,0.3,13,0.000112,1,1,1,1,0,2
1,NA,2.397895273,0,0,1,3.1,0.7,32,7.00E-04,1,1,1,1,0,0
0,17.50439001,1.098612289,0,1,0,2.1,0.4,21,5.00E-04,1,1,1,1,1,0
1,18.92556878,2.63905733,0,0,1,3.9,NA,4,0.00165,NA,0,1,1,1,3
0,18.82614585,2.197224577,0,0,1,2.6,0.2,27,1.00E-04,1,0,0,1,1,0
0,17.78580247,2.63905733,0,0,1,3.6,0.53,31,NA,0,1,1,1,1,0
1,18.0051653,2.079441542,0,0,1,2.1,0.66,29,NA,1,1,0,1,0,0
0,18.28714935,1.791759469,0,0,1,2.5,0.7,43,0.000125,1,1,1,1,0,0
0,2.302585093,#NAME?,0,0,1,1.6,0.5,36,0.0014,1,0,0,1,0,0
1,NA,2.302585093,0,0,1,3.3,NA,15,NA,1,0,0,1,1,3
1,16.11809565,0,0,0,1,2.5,NA,57,1.40E-05,NA,0,1,1,1,0
0,19.80697511,1.945910149,0,1,0,2.6,0.4,30,5.00E-04,1,1,1,1,1,0
0,18.82614585,2.197224577,0,0,1,3.1,0.63,33,0.00021,1,0,1,1,0,0
0,21.63955657,1.791759469,0,0,1,2,NA,30,1.00E-04,NA,1,1,1,0,0
1,19.32692114,2.302585093,0,0,1,2,NA,30,0.001,NA,0,1,0,0,0
0,20.03011866,2.772588722,0,0,1,2.6,NA,30,0.00083,1,0,0,1,1,0
0,5.18178355,2.772588722,0,0,1,3.4,0.85,89,2.00E-04,1,0,0,1,1,0
0,5.828945618,2.564949357,0,0,1,2.9,0.85,31,0.000125,1,0,1,1,0,0
0,16.35711255,1.945910149,0,0,1,3.8,0.62,30,0.004,1,1,1,1,1,0
1,19.18614859,2.48490665,1,0,0,4.5,0.45,31,0.00017,1,1,1,1,1,2
1,20.61790532,2.397895273,0,0,1,3.8,NA,31,NA,1,0,1,1,1,0
0,17.21670794,1.945910149,0,0,1,2.2,0.6,10,0.001,1,1,1,1,1,0
1,17.03438638,1.791759469,0,0,1,2.8,NA,31,0.00028,NA,1,1,1,1,3
1,24.97176108,2.079441542,0,0,1,2.9,0.7,14,NA,NA,NA,NA,NA,NA,NA
0,#NAME?,2.48490665,1,0,0,3,NA,30,0.000667,1,0,0,1,1,0
1,4.605170186,2.302585093,0,0,1,1.9,0.63,76,7.00E-05,1,1,1,1,1,0
0,15.95557672,1.945910149,0,0,1,1.8,NA,30,0.01,1,0,1,1,0,0
1,20.03011866,1.945910149,0,0,1,3.9,NA,4,2.00E-04,NA,0,1,1,0,2
1,23.64179658,2.833213344,0,0,1,3.7,NA,16,7.70E-07,1,1,1,1,1,0
0,16.06680236,#NAME?,0,0,1,1.6,NA,26,0.0042,NA,0,0,1,0,0
0,#NAME?,#NAME?,0,0,1,1.7,NA,67,4.20E-05,NA,0,0,1,1,0
0,#NAME?,2.197224577,0,0,1,2.8,0.51,16,0.00014,1,1,1,1,0,0
0,2.079441542,1.791759469,1,0,0,1.8,0.53,33,0.00168,1,0,0,1,1,0
0,#NAME?,2.772588722,0,0,1,3.2,NA,57,0.000112,1,1,1,1,1,0
1,20.36659089,2.197224577,0,0,1,3.7,0.7,39,0.001,NA,0,1,1,1,0
1,16.47226746,2.397895273,0,0,1,3.3,0.65,41,0.007,NA,0,1,1,1,3
1,18.42068074,2.995732274,0,1,0,4.1,0.65,21,0.00049,0,NA,NA,NA,NA,NA
0,18.13299867,2.197224577,0,0,1,2.8,0.75,28,4.00E-04,1,1,1,1,1,0
1,15.07397155,2.944438979,0,0,1,2.8,0.88,46,0.0154,1,NA,NA,NA,NA,NA
1,1.945910149,2.564949357,0,0,1,3.3,0.89,54,0.0018,1,0,1,1,1,0
0,20.72326584,2.708050201,0,0,1,3.3,NA,56,0.000154,1,0,1,1,1,0
1,21.12873095,2.302585093,0,0,1,2.6,0.58,85,1.68E-05,1,1,1,1,1,3
0,19.59933574,1.791759469,0,0,1,2.3,0.65,16,2.00E-04,1,1,1,1,0,0
1,19.34676655,2.890371758,1,0,0,2.9,0.7,0,NA,1,0,1,1,1,0
0,18.19753719,2.397895273,0,0,1,2.6,0.8,167,7.00E-04,1,1,1,1,1,0
0,17.97439364,2.197224577,0,1,0,2.6,0.8,55,0.002,1,1,1,1,1,0
1,18.6113011,1.609437912,0,1,0,2.5,0.5,21,0.000124,1,1,1,1,0,0
1,15.60727003,#NAME?,0,0,1,1.5,0.2,30,0.00308,NA,0,0,1,0,0
0,18.13299867,#NAME?,0,0,1,2.2,0.6,62,1.00E-04,1,0,0,1,0,0
1,4.812184355,1.791759469,0,1,0,3.6,0.5,29,0.00028,1,0,0,1,1,0
1,3.850147602,2.772588722,0,0,1,4,NA,30,5.00E-04,1,1,1,1,1,0
1,19.29614948,2.708050201,0,0,1,3.2,0.5,46,0.00028,1,0,1,1,0,0
0,17.72753356,1.791759469,0,0,1,3.2,NA,45,0.002,1,0,0,1,1,0
1,22.33270375,2.833213344,0,0,1,3.3,0.5,18,1.54E-06,NA,1,1,1,1,0
1,NA,3.044522438,1,0,0,3.5,NA,30,5.00E-04,1,0,1,1,1,0
0,5.991464547,1.945910149,0,0,1,2.4,0.5,30,0.0011,1,1,1,1,1,0
1,20.04992128,2.48490665,0,0,1,4.3,0.51,61,1.40E-05,1,1,1,1,1,0
0,16.81124283,2.708050201,0,0,1,3.9,NA,59,0.000425,1,1,1,1,1,0
0,16.42925008,2.397895273,1,0,0,3,0.64,45,0.000537,1,1,1,1,0,0
0,20.03011866,2.48490665,0,1,0,2.5,0.5,71,0.000375,1,0,0,1,1,2
1,20.86389697,1.791759469,0,0,1,3.2,0.5,60,5.00E-05,1,1,1,1,1,0
0,#NAME?,1.609437912,0,0,1,2.3,0.51,30,0.0014,1,1,1,1,1,0
1,19.74243658,2.772588722,0,0,1,3.3,0.5,16,0.000112,1,0,1,1,1,3
1,20.14344734,2.833213344,0,0,1,3.4,0.56,30,3.30E-05,NA,0,1,1,1,3
0,17.90985512,1.791759469,0,0,1,2.3,0.6,31,0.001,NA,0,0,1,1,0
1,18.42068074,#NAME?,1,0,0,2.5,0.5,12,0.109,NA,0,0,1,1,3
1,17.50439001,1.945910149,0,0,1,2.5,0.64,18,0.000252,1,1,1,1,1,0
0,15.76142071,1.791759469,0,0,1,2.1,0.7,45,4.00E-04,1,NA,NA,NA,NA,NA
0,18.77735569,1.386294361,0,0,1,2.3,NA,41,0.00035,1,1,1,1,0,0
1,19.29614948,3.091042453,0,0,1,3.2,0.6,43,7.00E-04,1,1,1,1,1,3
1,16.11809565,2.890371758,1,0,0,3.1,0.6,30,0.00049,1,0,1,1,1,0
0,19.67344371,3.218875825,1,0,0,3,0.7,29,2.50E-05,1,1,1,1,1,0
1,18.82614585,3.931825633,0,0,1,3.9,0.3,14,NA,NA,1,1,1,1,3
0,#NAME?,2.48490665,0,0,1,1.9,NA,30,NA,NA,0,0,1,1,0
1,17.56029764,2.079441542,0,1,0,2.3,NA,0,NA,1,0,0,1,0,3
1,17.67624027,2.197224577,0,0,1,2.8,NA,29,0.002,1,NA,NA,NA,NA,NA
1,NA,2.079441542,1,0,0,2.5,0.4,30,2.03E-05,1,0,1,1,0,1
0,17.23651057,2.079441542,0,0,1,3.5,0.9,61,0.001,1,0,0,1,1,2
1,17.11134742,2.708050201,0,0,1,3.2,0.9,31,0.0014,1,1,1,1,0,0
1,18.40047804,2.63905733,0,0,1,3.6,0.98,21,0.0014,1,1,1,1,1,0
0,19.11382792,2.772588722,1,0,0,3.6,0.6,26,0.00056,NA,1,1,1,1,2
1,17.72753356,2.890371758,0,0,1,3.7,0.7,37,0.001,1,1,1,1,1,0
0,16.52356076,2.302585093,0,0,1,2.5,0.33,25,0.0028,1,0,0,1,0,0
1,14.91412285,2.197224577,0,0,1,2.8,0.6,40,0.00385,1,0,1,1,0,2
0,17.72753356,1.609437912,1,0,0,2.5,NA,45,0.00033,NA,0,0,1,0,3
0,19.11382792,1.945910149,0,0,1,1.7,0.4,46,4.00E-04,1,1,1,1,0,0
1,19.17445255,2.772588722,0,0,1,2.9,0.85,42,7.00E-05,NA,1,0,1,0,0
0,20.03011866,1.609437912,1,0,0,3.3,0.5,30,4.20E-05,1,1,1,1,1,0
1,14.23422089,3.33220451,0,0,1,3.3,0.73,59,0.00029,1,1,1,1,1,0
1,20.6010982,3.663561646,0,0,1,4.1,NA,36,0.00014,1,1,1,1,1,3
1,14.28551419,1.609437912,0,0,1,2.3,NA,46,0.0014,1,1,1,1,1,0
0,20.90558739,1.791759469,1,0,0,2.3,0.6,105,0.00028,1,1,1,1,0,0
1,18.82614585,3.610917913,0,0,1,3.7,0.3,92,0.00014,NA,0,0,1,1,3
0,16.81124283,3.496507561,0,0,1,2.8,0.8,150,0.0015,1,0,0,1,1,0
1,18.0640058,2.564949357,0,0,1,3.1,0.7,70,0.00011,1,1,1,1,1,0
1,19.75568181,2.63905733,0,0,1,3.4,0.65,30,2.00E-04,1,1,1,1,1,0
1,20.99237652,3.135494216,0,0,1,4.4,0.63,21,7.00E-05,1,1,1,1,1,0
1,3.091042453,2.995732274,0,0,1,3.7,0.75,64,0.001,1,1,1,1,1,0
1,NA,2.564949357,0,0,1,3.3,NA,29,7.70E-05,1,0,1,1,1,3
1,23.02585093,2.63905733,1,0,0,3.2,0.5,88,NA,NA,1,1,1,0,2
1,15.74703197,1.791759469,0,1,0,3,NA,47,7.00E-04,NA,1,1,1,1,0
1,21.82187813,2.63905733,0,0,1,4.3,0.4,31,1.40E-05,1,1,1,1,1,0
0,17.3330084,2.397895273,1,0,0,3.5,NA,31,1,NA,0,1,1,0,2
1,NA,1.791759469,0,0,1,2.5,NA,27,2.40E-05,1,0,0,1,0,0
1,19.51929303,2.564949357,0,0,1,3.8,0.12,31,NA,1,1,1,1,1,0
1,17.31201812,3.091042453,0,0,1,4,NA,31,0.0014,1,0,1,1,1,2
0,18.42068074,2.708050201,1,0,0,2.4,0.33,31,0.00014,1,0,1,1,0,0
1,NA,2.397895273,0,0,1,3.5,NA,21,NA,1,0,0,1,0,0
0,#NAME?,1.386294361,0,0,1,2.9,0.35,132,0.0014,1,0,1,1,1,0
0,20.65712603,2.079441542,0,0,1,1.9,0.68,50,1.30E-05,1,0,0,1,0,0
1,20.03011866,2.833213344,0,0,1,3.5,0.5,30,0.00028,1,1,1,1,1,0
0,17.50439001,2.708050201,0,1,0,3.4,0.8,10,0.001,1,0,1,1,1,0
1,NA,0,0,0,1,2.9,NA,62,NA,NA,0,0,1,0,3
0,15.60727003,2.302585093,0,0,1,2.6,0.67,31,0.003125,NA,1,1,1,1,0
1,NA,3.135494216,0,0,1,2.8,0.51,40,NA,NA,0,0,1,1,3
1,19.80697511,1.609437912,0,0,1,2,NA,31,0.00033,1,0,0,1,0,0
1,NA,2.708050201,0,0,1,4.2,0.8,28,1.00E-04,1,1,1,1,1,3
1,NA,1.609437912,0,0,1,2.6,NA,217,4.20E-05,1,1,1,1,0,0
0,#NAME?,1.098612289,1,0,0,1.2,0.75,46,2.00E-05,1,0,1,0,0,0
0,#NAME?,2.197224577,0,0,1,2.5,NA,14,0.0014,1,0,0,1,0,0
1,18.42068074,2.772588722,0,1,0,3.3,0.65,0,7.00E-04,NA,1,1,1,1,2
0,15.76142071,2.302585093,0,0,1,2.8,0.7,28,NA,1,1,1,1,0,0
1,17.72753356,2.397895273,0,1,0,2.4,NA,31,NA,1,0,0,1,1,3
1,19.33697148,2.708050201,0,0,1,3.4,0.5,38,0.0001848,1,1,1,1,0,3
1,17.62217305,2.48490665,0,0,1,3.3,NA,1,0.001,NA,0,1,1,1,2
0,16.52356076,2.944438979,0,0,1,4.4,NA,30,0.0028,1,1,1,1,1,1
1,NA,2.995732274,0,0,1,3.4,0.5,33,NA,NA,1,1,1,1,0
1,NA,1.945910149,0,1,0,2.1,NA,14,NA,NA,0,1,1,1,0
0,19.2091381,2.63905733,1,0,0,3.8,NA,32,0.00035,1,1,1,1,0,0
0,#NAME?,#NAME?,0,0,1,0.9,NA,41,1.40E-05,NA,0,0,1,0,0
0,#NAME?,0,1,0,0,2.5,NA,21,1.43E-05,1,0,0,1,0,0
1,NA,2.995732274,0,0,1,3.8,NA,20,1.00E-05,1,1,1,1,1,3
0,21.41641302,0.693147181,1,0,0,1.8,NA,54,0.00035,1,0,0,1,0,0
1,20.04992128,3.258096538,1,0,0,4.1,0.51,15,0.00014,1,1,1,1,1,0
0,13.12236338,1.386294361,0,0,1,2.1,0.6,35,0.0014,NA,0,1,1,1,0
1,19.67344371,3.761200116,0,0,1,3.9,0.35,27,0.000154,1,0,0,1,1,2
0,#NAME?,1.945910149,0,0,1,2.1,NA,91,NA,NA,0,0,1,1,0
0,18.42068074,#NAME?,1,0,0,1.9,1,30,5.00E-04,NA,0,0,1,1,0
1,19.67344371,2.197224577,1,0,0,3.4,0.35,1,0.000994,1,0,1,1,1,2
0,18.0640058,#NAME?,0,0,1,2.6,0.7,29,1.00E-04,1,1,1,1,0,0
0,20.03011866,1.386294361,0,0,1,1.4,NA,81,0.00025,1,1,1,1,0,0
0,17.72753356,2.708050201,0,1,0,2.7,0.52,24,0.00112,1,1,0,1,0,2
1,NA,2.079441542,1,0,0,1.9,NA,30,NA,NA,0,0,1,0,0
1,17.8044946,2.833213344,0,0,1,3.8,NA,48,0.00222,1,0,1,1,1,0
0,18.73913448,1.609437912,0,0,1,2,0.55,31,5.00E-04,1,1,1,1,0,0
1,NA,2.708050201,0,0,1,3.3,0.35,0,2.80E-06,1,NA,NA,NA,NA,NA
1,NA,1.791759469,1,0,0,3.3,NA,31,0.00033,1,1,1,1,1,2
0,23.28821519,2.079441542,0,0,1,3,0.65,35,1.50E-05,1,0,1,1,1,1
0,19.33697148,2.302585093,1,0,0,2.9,0.5,89,1.00E-04,1,1,1,1,1,0
0,17.78202175,#NAME?,0,0,1,1.2,0.6,29,0.000434,1,0,1,1,0,3
0,17.03438638,2.833213344,0,0,1,2,0.1,46,0.00035,0,0,1,1,1,0
0,16.16688582,2.079441542,0,1,0,2.7,0.7,62,0.0014,1,1,1,1,1,0
0,19.51929303,2.63905733,0,0,1,2.7,0.3,89,0.000112,1,1,1,1,1,0
0,16.6487239,2.197224577,0,0,1,2.3,0.85,7,3.00E-04,1,0,1,1,1,0
0,20.29248292,2.302585093,0,0,1,2.9,0.86,31,5.00E-05,1,0,1,1,1,0
0,#NAME?,1.945910149,0,0,1,2.1,NA,27,0.000322,1,0,0,1,0,0
0,#NAME?,2.48490665,0,0,1,2.5,0.35,31,1.00E-04,1,1,1,1,1,0
